adelle,matt,sample
s1,s1,"long-term Federal loans for construction of parochial and other private-school facilities for teaching science , languages and mathematics .  Mr. Delaney and Mr. O    Neill are not willing to vote on the public-school measure until the defense"
s2,s1,"fall .   Science In Action  , San Francisco  s venerable television program , will be seen in Hong Kong this fall in four languages  Mandarin , Cantonese , Chiuchow and English , according to a tip from Dr. Robert C. Miller .  And you think you have"
s2,s1," Mandarin , Cantonese , Chiuchow and English , according to a tip from Dr. Robert C. Miller .  And you think you have language problems .  The week went along briskly enough .  I bought a new little foreign bomb .  It is a British bomb .  Very austere yet"
s1,s4,"upon .  East Meadow has philosophy , psychology , and religion    Freeport houses social science , pure science , and language    history , biography , and education are centered in Hempstead    Levittown has applied science , business , and"
s1,s1,"has applied science , business , and literature    while Hewlett-Woodmere is the repository of art , music , and foreign languages .  The reference coordinator at headquarters also serves as a consultant , and is available to work with the local"
s2,s1,".  It will be a 16  -hour training day .  Then off to a remote place in an underdeveloped country where the diet , culture , language and living conditions will be different .  And the pay , of course , will be nil .  Despite all this , the idea apparently has"
s6,s6,"of decades of corruption and social imbalances .  In such conditions all freedoms are lost .  This , in more diplomatic language , is what Adlai Stevenson told the newspaper men of Latin America yesterday on behalf of the United States Government . "
s1,s4,"directors and representatives , members of 16 area clubs , and  all residents  have been invited .  This is going to be a language lesson , and you can master it in a few minutes .  It is a short course in Communese .  It works with English , Russian , German ,"
s1,s1,"of Religious Education authorized a new revision , in the light of expanded knowledge of ancient manuscripts and languages .  Undertaken by 32 American scholars , under the chairmanship of Rev. Dr. Luther A. Weigle , former dean of Yale"
s1,s6,", and there is no doubt that the meaning of the Bible is more easily understandable to the general reader in contemporary language in the frequently archaic words and phrases of the King James .  For example , in the third chapter of Matthew , verses 13  -"
s1,s1,"cadence of the older version certainly is lost in the newer one , but almost anyone , with a fair knowledge of the English language , can understand the meaning , without the necessity of interpretation by a Biblical scholar .  To a novice that is"
s1,s1,".  Dover  publishes  what the company calls  Listen And Learn  Productions designed to teach foreign languages .  Previous presentations have been on French , Spanish , Russian , Italian , German and Japanese .  But the firm has"
s1,s1,"that brotherhood becomes a reality .  I am a sophomore at Mount Pleasant High School .  My future plans are to become a language teacher .  Of course , having this desire , I am very interested in education .  A few weeks ago , I read in the Bulletin that"
s1,s1,"these classes .  The following week , I read in the Sunday paper that the students of Russia begin European and Asian languages in the seventh grade .  I wish you could see the situation as I see it .  If Russian pupils have to take these languages , how"
s1,s1,"Asian languages in the seventh grade .  I wish you could see the situation as I see it .  If Russian pupils have to take these languages , how come American students have a choice whether or not to take a language , but have to face so many exceptions ? ?  I do not"
s1,s1,"I see it .  If Russian pupils have to take these languages , how come American students have a choice whether or not to take a language , but have to face so many exceptions ? ?  I do not think that America is like Russia , not in the least ! !  I am proud of my"
s1,s1,"wonderful parents , my friends and my school    but I am also a young , able and willing girl who wants to study the Chinese language but is not old enough .  Then people wonder why Russian pupils are more advanced than American students .  Well , there lies"
s1,s1,".  The complexities of communication have been considerably abetted in this case by appropriately stilted English language that has been excellently dubbed in place of the Russian dialogue .  The voices of all the characters , including that of"
s1,s1,", which very nearly eliminated Hitler in 1944 .  A veteran diplomat with an extraordinary knowledge of Russian language , history and literature , Kennan recalls how , at the time of Hitler  s attack on the Soviet Union in 1941 , he penned a"
s2,s1,"accompanied by Anna Mi Lee , pianist .  Selections from fifteen countries were sung as solos and duets in a broad range of languages .  Songs from China and Japan were reserved exclusively for Miss Mao , who is a native of China , and those of the British"
s1,s2,"writer , journalist , traveller and zoologist , sensitive but never sentimental recorder of an unusual way of life , in a language at once lyrical and forceful , vivid and unabashed .  This reviewer read the book when it was first brought out in England"
s2,s2,"Diffring as an innocent bystander .  After a protracted , hysterical trial scene more notable for the frankness of its language than for dramatic credibility , the jury , to no one  s surprise , leaves the legal question unresolved .  When the husband"
s6,s2,"has .  Several photographs and charts of galaxies help the non-scientist keep up with the discussion , and the smooth language indicates the contributors were determined to avoid the jargon that seems to work its way into almost every field .  It is"
s6,s2,".  The only man alive who seems qualified by his learning , his disposition and his addiction to a baroque luxuriance of language to inherit the literary mantle of Sacheverell Sitwell , Mr. Sansom writes of foreign parts with a dedication to"
s1,s4,"labors too hard to extract more refinements of meaning and feeling from his travel experiences than the limits of language allow , he still can charm and astound .  Too many books and articles are just assembled by putting one word after another . "
s6,s6,other choice but to abandon completely a mythological manner of representation .  This does not mean that mythological language as such can no longer be used in theology and preaching .  The absurd notion that demythologization entails the
s5,s6,"the gospel in a form that makes it seem incredible and irrelevant to cultured men .  Until we translate this gospel into a language that enlightened men today can understand , we are depriving ourselves of the very resources on which the continued"
s1,s2,"painful it be , that the battle between Parker and his neighbors was fought in earnest .  He arraigned the citizens in language of so little courtesy that they had to respond with , at the least , resentment .  What otherwise could  the lawyer ,"
s6,s6,"God had conquered that one by His grace ! !  So why worry about all the others ? ?  The apostle Paul said the same thing in the language and faith of the New Testament   He that spared not His own Son , but delivered Him up for us all , how shall He not with Him"
s5,s5,"Zennist was a feature of Taoism .  So , too , was the insistence on the relativity of the external world , and the ideas that language and things perceived by consciousness were poor substitutes indeed for immediate perception by pure , indwelling"
s1,s1," a young rat named Arthur , who never could make up his mind  .  Later , he became one of the central spirits of the Army Language Program and the language school of Washington  s Foreign Service Institute .  It was there , in the course of trying to"
s1,s1,", who never could make up his mind  .  Later , he became one of the central spirits of the Army Language Program and the language school of Washington  s Foreign Service Institute .  It was there , in the course of trying to prepare new men for the "
s4,s1,"( Ray ) , agreed on some basic premises about the three-part process that makes communication  ( 1 ) words or language ( 2 ) paralanguage , a set of phenomena including laughing , weeping , voice breaks , and  tone  of voice , and ( 3 )"
s6,s6,", depressed  , a certain pedantic itemization that indicates she has some familiarity with literary or scientific language ( i.e. , she must have had at least a high-school education ) , and she is telling a story she has mentally rehearsed some"
s4,s1,"basis of a mental image can find no logical support .  A  mental image  subconsciously impressing us from beneath its language symbols in wakeful thought , or consciously in light sleep , is actually not an image at all but is comprised of realities"
s1,s1,"with other new evidence , fully corroborated the ancient priest  s information .  Dr. Hilprecht was uncertain as to the language used by the ancient priest in his dream .  He was almost positive it was not Assyrian nor Cassite , and imagined it must have"
s1,s1,"she were always auditioning .  No believer in the traditional devotion of royal servitors , the plump Pulley broke the language barrier and lured her to Cairo where she waited for nine months , vainly hoping to see Farouk .  Pulley had set her up at the"
s1,s2,", by their jibes at the fact that Protestant opinion on birth control has changed in recent decades  .  All too often our language is unduly harsh .  The second step is to recognize the substantial agreement -- frequently blurred by emotionalism and"
s1,s1,"served .  Then from the branches of a near-by tree an Indian underclassman , disdaining both the platform and the English language , harangued the assemblage in his aboriginal tongue .  Governor Wentworth contributed an ox for a barbecue on the green"
s1,s1,"the better known , for he went far beyond the vital finding of fiction for films to take the first step toward fashioning a language of film , toward making the motion picture the intricate , efficient time machine that it has remained since , even in the"
s1,s1,do exactly that .  But in general the European efforts to make an art of the entertainment had ignored the slowly emerging language of the film itself .  Staggeringly condensed versions of famous novels and famous plays were presented .  Great actors
s1,s2,"are sons  ? ?  The sheik smiled and murmured   That is precisely correct  .  The Egyptians are noted for elusiveness of language .  When Dag Hammarskjold was negotiating the Middle East peace after Israel  s 1956 invasion of Egypt , he soon found"
s1,s2,"East peace after Israel  s 1956 invasion of Egypt , he soon found himself speaking the mysterious phrases of Cairo , a language as anarchic as Casey Stengel  s .  The reports of President Nasser  s pledges which Hammarskjold was relaying from Cairo"
s1,s6,"a mode of action in need of justification and limitation in Christian morality , like any other form of resistance .  The language used itself often makes very clear that this is only another form of struggle for victory ( perhaps to be chosen above all"
s6,s6,"of them turn irrational or suddenly , coolly , decide to clobber the Russians ? ?  What if the President himself , in the language of the military ,  goes ape  ? ?  Or singlehandedly decided to reverse national policy and hit the Soviets without"
s1,s1,"kind of negotiation , even though the rancher was said to be expert in his knowledge of the aborigines and their language .  Finally , however , the arrangements were made and we drove out into the bush in a Land Rover .  We followed the asphalt"
s1,s1,"government the people were acting through their states , whereas the Preamble of 1787  -  89 expressed , as clearly as language can , the opposite concept , that they were acting directly as citizens .  Here are the two Preambles  Federal"
s1,s2,".  When Heidegger and Sartre speak of a contrast between being and existence , they may be right , I do  nt know , but their language is too philosophical for me .  I am not a philosopher .  One can only speak of what is in front of him , and that now is simply the"
s1,s2,", stresses that for the beat generation sex is more than a source of pleasure    it is a mystique , and their private language is rich in the multivalent ambiguities of sexual reference so that they dwell in a sexualized universe of discourse . "
s1,s2,"place .  The dance is but a disguised ritual for the expression of ungratified sexual desire .  For this reason , too , their language is more forthright and earthy .  The beatniks crave a sexual experience in which their whole being participates .  It is"
s1,s1,".  Jazz is good not only because it promotes wholeness but because of its decided sexual effect .  Jazz is the musical language of sex , the vocabulary of the orgasm    indeed , it is maintained that the sexual element in jazz , by freeing the listener"
s1,s1,"is so memorable as  Nameless And Immortal  , which at once took rank among the finest poems ever written in the Swedish language .  It celebrates the unknown architect who designed the temple of Neptune at Paestum , next to the Parthenon the noblest"
s1,s1,", or augment man  s control over himself and over other men .  Naturally this includes all communication forms , e.g. languages , or any social , political , economic or religious structures employed for such control .  Properly mindful of all the"
s5,s1,"in the manifest leader .  The capacity for making the distinctions of which diplomacy is compact , and the facility with language which can render them into validity in the eyes of other men are the leader  s means for transforming the moral intuition"
s5,s1,"the extreme    and it is surely clear that the first of these is the result of the way in which the individual  s command of language interacts with the other two .  For this change is not a change from one positive position to another , but a change from"
s1,s6,"legend of incest , Gregorius Vom Stein , and freely borrowed and parodied other myths of the West , mixing themes , language , peoples and times in a master myth in which the old forms continually renew themselves , as in his previous treatment of"
s1,s1,"of Gregorius he interpolated a modern version in which the medieval players speak contemporary thoughts in archaic language    while they move through the pageantry of the ancient incest myth and cover themselves through not-knowing , they"
s6,s2,"in the South and the Southwest in the three decades before the Civil War .  These narratives of coarse action and crude language appeared first in local newspapers , as a rule , and later found their way between book covers , though rarely into the"
s1,s1,"the feminine form of a boy  s name .  But both were high-spirited and vivacious , both had tempers to control , both loved languages , especially English and German , both were good teachers and wrote for publication .  Each was her mother  s assistant"
s6,s2,"of the Caravan never failed to amaze Ann , who during her stay in Salem must frequently have overheard strong sailorly language .  She wrote in her journal ,  I have not heard the least profane language since I have been on board the vessel .  This is"
s6,s2,"frequently have overheard strong sailorly language .  She wrote in her journal ,  I have not heard the least profane language since I have been on board the vessel .  This is very uncommon  .  She was now enjoying the voyage very much .  Even the first"
s1,s2,"   all day long the Caravan slowly made her way through the difficult passages .  Alas , to Ann  s consternation , his language while thus employed left much to be desired .  He swore so loudly at the top of his voice , that she did  nt get any sleep all"
s1,s1,"of the Gullah dialects of Africa .  Such speech differences made him acutely aware of the richness and expressivness of language .  During the summers , while he was still in school , Mercer worked for his father  s firm as a messenger boy .  It generally"
s3,s3,"' .  Mercer  s lyrics are characterized by an unerring ear for rhythmic nuances , a puckish sense of humor expressed in language with a colloquial flair .  Though versatile and capable of turning out a ballad lyric with the best of them , Mercer  s"
s1,s6,"cognate to this feeling .  How literature does this , or for whom , is certainly not clear , but the content , form , and language of the  message  , as well as the source , would all play differentiated parts in giving and molding a sense of purpose . "
s1,s1,"qualities of human beings and events .  But to go from here to the belief that those more sensitive to metaphor and language will also be more sensitive to personal differences is too great an inferential leap .  I would say , too , that the study of"
s4,s1,", country life in Tudor and Stuart times , the impact of the industrial revolution compete with sensitive surveys of language and literature , the common law , parliamentary development .  The strength of the History is also its weakness . "
s1,s1,"one of the best-educated Russians of his day .  He dabbled in verse , could get along well among most of the European languages , and was fluent in French and German .  He had also mastered the Cossack tongue .  For those little men with the short"
s1,s2,"an action that is serious , of a certain magnitude , and complete in itself .  It should have a dramatic form with pleasing language , and it should portray incidents which so arouse pity and fear that it purges these emotions in the audience .  Any"
s2,s1,"a Schubert lullaby .  He spoke no German but he could sing it and the words of the song were the only ones he knew in a foreign language .  The song , he said , was called  The Stream  s Lullaby  , and when he sang ,  Gute ruh , Gute ruh , Mach    t die augen zu , "
s1,s1,modes severely distinct .  It overcomes our emphatic awareness of the vast difference in the shape and fabric of the two languages and styles of dramatic presentation .  The intimations of a related spirit and ordering of human values are stronger
s6,s6,"from brute matter to the immaculate stars .  There had not yet supervened between understanding and expression the new languages of mathematics and scientific formulas .  The poet was by definition a realist , his imaginings and parables being"
s1,s1,"century the audience ceased to be an organic community to which these ideas and their attendant habits of figurative language would be natural or immediately familiar .  Concepts such as grace , damnation , purgation , blasphemy , or the chain of"
s6,s6,"myth reference , which is concerned with imaginary places and beings described in grandiloquent and travelogue-like language .  These early experiments were evidently not altogether satisfying to Patchen .  Beginning in Cloth Of The Tempest ("
s6,s6,"and illustrate these four properties .  We also give , for each property , an example where the property is absent .  The language and notation introduced are standard throughout the chapter .  1 .  There must be a fixed number n of repeated trials .  For"
s1,s1,"of religion , for good or ill , has often supported or been identified with other groupings -- political , nationality , language , class , racial , sociability , even economic .  Religion usually exercises a stabilizing-conserving function .  As"
s4,s1,"by classroom teachers , consisting of a battery of six sub-tests  Paragraph Meaning , Word Meaning , Spelling , Language , Arithmetic Computation , and Arithmetic Reasoning .  All of these sub-tests involve reading except Arithmetic"
s1,s1,", etc. .  A significant reduction in the voume of store information is thus realized , especially for a highly inflected language such as Russian .  For English the reduction in size is less striking .  This approach requires that  ( 1 ) each text word be"
s1,s1,their meaning will be clearly understood  form -- any unique sequence of alphabetic characters that can appear in a language preceded and followed by a space    occurrence -- an instance of a form in text .  We propose a method for selecting only
s1,s1,"that the young woman spoken to is still pretty .  Dominant stress on pretty would be almost insulting here .  In the written language then can be underlined or italicized to guide the reader here , but much of the time the written language simply depends"
s1,s1,".  In the written language then can be underlined or italicized to guide the reader here , but much of the time the written language simply depends on the reader  s alertness , and a careless reader will have to back up and reread .  Often , dominant stress"
s1,s1,"stress on man treats man as an additional creature who responds to the stimulation of hunger .  Here again , in the written language it is possible to help the reader get his stresses right by using underlining or italics , but much of the time there is"
s2,s1,on instructions .  It is clear that patterns of stress sometimes show construction unambiguously in the spoken language where without the help of context it would be ambiguous in the written .  Other examples follow .   I  ll come by Tuesday .  I
s2,s1,"of come and Tuesday is an adjunct of time equivalent to on Tuesday , there will be strong stress on by in the spoken language    but if a complement for come is implied and by Tuesday is a prepositional unit used as an adjunct , by will be unstressed"
s1,s1,no more of the range of possibilities in tone systems than the over-simple distinction between register and contour languages .  This limited familiarity with the possible phenomena has severely hampered work with tone .  Tone analysis will
s1,s1,"types  those who are convinced that tone can  not be analysed , those who are personally scared of tone and tone languages generally , those who are convinced that tone is merely an unnecessary marginal feature in those languages where it"
s1,s1,"and tone languages generally , those who are convinced that tone is merely an unnecessary marginal feature in those languages where it occurs , those who have no idea how to proceed with tone analysis , those who take a simplistic view of the whole"
s1,s1,analytically more difficult than much larger consonantal systems .  Welmers has suggested one explanation .  Tone languages use for linguistic contrasts speech parameters which also function heavily in nonlinguistic use .  This may both
s1,s1,"systems .  But no other two phonologic systems are as difficult to disentangle as are tone and intonation in some languages .  This explanation of tone difficulties , however , does not apply in all languages .  In some ( the Ewe type mentioned"
s1,s1,"as are tone and intonation in some languages .  This explanation of tone difficulties , however , does not apply in all languages .  In some ( the Ewe type mentioned above ) interaction of tone and intonation is restricted to the ends of intonation"
s1,s1,"can be safely ignored , and much of the tonal analysis can be done without any study of intonation .  Still , even in such languages tone analysis has not been as simple as one might expect .  A third explanation is suggested by Richardson  s analysis of"
s1,s1,"morphophonemics is worked out , or at least far enough that it seems reasonable to expect success .  In the  typical tone language ' , tonal morphophonemics is of the same order of complexity as consonantal morphophonemics .  The phonemic systems"
s1,s1," esthetics  , which usually turns out to be nothing more than certain prejudices carried over from European languages .  Many of the suggested systems seem to have only the most tenuous relationship to the language structures that they"
s1,s1,over from European languages .  Many of the suggested systems seem to have only the most tenuous relationship to the language structures that they purport to represent .  Linguists have not always been more enlightened than  practical people
s1,s1,"investigation can contribute to orthography design .  We need many more studies of this sort if the design of written languages is to be put on a sound basis .  One other paper deals with a phonologic problem  Vowel Harmony In Igbo , by J. Carnochan . "
s1,s1,"consistent stopping-point .  There are more stems per item in Athabascan , which expresses the fact that the Athabascan languages have undergone somewhat more change in diverging from proto-Athabascan than the Yokuts languages from proto-Yokuts"
s1,s1,the Athabascan languages have undergone somewhat more change in diverging from proto-Athabascan than the Yokuts languages from proto-Yokuts .  This may be because the Athabascan divergence began earlier    or again because the Athabascan
s1,s1,"from proto-Yokuts .  This may be because the Athabascan divergence began earlier    or again because the Athabascan languages spread over a very much larger territory ( including three wholly separated areas )    or both .  The differentiation ,"
s1,s1,"the fact that Athabascan shows 3.46 stems per meaning slot as against 2.75 for Yokuts , with a slightly greater number of languages represented in our sample  24 as against 21 .  ( On deduction of one-eighth from 3.46 , the stem item rate becomes 3.03"
s1,s1,"against 21 .  ( On deduction of one-eighth from 3.46 , the stem item rate becomes 3.03 against 2.75 in equivalent number of languages .  ) These general facts are mentioned to make clear that the total situation in the two families is similar enough to"
