,City 1,State 1,City 2,State 2,State 2  W2V
0,Chicago,Illinois,Houston,Texas,Texas
1,Chicago,Illinois,Philadelphia,Pennsylvania,Pennsylvania
2,Chicago,Illinois,Phoenix,Arizona,Arizona
3,Chicago,Illinois,Dallas,Texas,Texas
4,Chicago,Illinois,Jacksonville,Florida,Tennessee
5,Chicago,Illinois,Indianapolis,Indiana,Indiana
6,Chicago,Illinois,Austin,Texas,Texas
7,Chicago,Illinois,Detroit,Michigan,Michigan
8,Chicago,Illinois,Memphis,Tennessee,Tennessee
9,Chicago,Illinois,Boston,Massachusetts,Massachusetts
10,Chicago,Illinois,Seattle,Washington,Oregon
11,Chicago,Illinois,Denver,Colorado,Colorado
12,Chicago,Illinois,Baltimore,Maryland,Maryland
13,Chicago,Illinois,Nashville,Tennessee,Tennessee
14,Chicago,Illinois,Louisville,Kentucky,Kentucky
15,Chicago,Illinois,Milwaukee,Wisconsin,Wisconsin
16,Chicago,Illinois,Portland,Oregon,Oregon
17,Chicago,Illinois,Tucson,Arizona,Arizona
18,Chicago,Illinois,Fresno,California,Nevada
19,Chicago,Illinois,Sacramento,California,California
20,Chicago,Illinois,Mesa,Arizona,Nevada
21,Chicago,Illinois,Atlanta,Georgia,Georgia
22,Chicago,Illinois,Omaha,Nebraska,Nebraska
23,Chicago,Illinois,Miami,Florida,Ohio
24,Chicago,Illinois,Tulsa,Oklahoma,Oklahoma
25,Chicago,Illinois,Oakland,California,Michigan
26,Chicago,Illinois,Cleveland,Ohio,Ohio
27,Chicago,Illinois,Minneapolis,Minnesota,Minnesota
28,Chicago,Illinois,Wichita,Kansas,Kansas
29,Chicago,Illinois,Arlington,Texas,Virginia
30,Chicago,Illinois,Bakersfield,California,Fresno
33,Chicago,Illinois,Honolulu,Hawaii,Hawaii
34,Chicago,Illinois,Pittsburgh,Pennsylvania,Pennsylvania
35,Chicago,Illinois,Lexington,Kentucky,Kentucky
37,Chicago,Illinois,Cincinnati,Ohio,Ohio
39,Houston,Texas,Philadelphia,Pennsylvania,Pennsylvania
40,Houston,Texas,Phoenix,Arizona,Arizona
41,Houston,Texas,Jacksonville,Florida,Alabama
42,Houston,Texas,Indianapolis,Indiana,Indiana
43,Houston,Texas,Detroit,Michigan,Michigan
44,Houston,Texas,Memphis,Tennessee,Arkansas
45,Houston,Texas,Boston,Massachusetts,Massachusetts
46,Houston,Texas,Seattle,Washington,Oregon
47,Houston,Texas,Denver,Colorado,Colorado
48,Houston,Texas,Baltimore,Maryland,Maryland
49,Houston,Texas,Nashville,Tennessee,Tennessee
50,Houston,Texas,Louisville,Kentucky,Kentucky
51,Houston,Texas,Milwaukee,Wisconsin,Wisconsin
52,Houston,Texas,Portland,Oregon,Oregon
53,Houston,Texas,Tucson,Arizona,Arizona
54,Houston,Texas,Fresno,California,California
55,Houston,Texas,Sacramento,California,California
56,Houston,Texas,Mesa,Arizona,Pecos
57,Houston,Texas,Atlanta,Georgia,Georgia
58,Houston,Texas,Omaha,Nebraska,Nebraska
59,Houston,Texas,Miami,Florida,Florida
60,Houston,Texas,Tulsa,Oklahoma,Oklahoma
61,Houston,Texas,Oakland,California,California
62,Houston,Texas,Cleveland,Ohio,Ohio
63,Houston,Texas,Minneapolis,Minnesota,Minnesota
64,Houston,Texas,Wichita,Kansas,Kansas
65,Houston,Texas,Bakersfield,California,California
68,Houston,Texas,Honolulu,Hawaii,Hawaii
69,Houston,Texas,Pittsburgh,Pennsylvania,Pennsylvania
70,Houston,Texas,Lexington,Kentucky,Kentucky
72,Houston,Texas,Cincinnati,Ohio,Ohio
75,Philadelphia,Pennsylvania,Phoenix,Arizona,Arizona
76,Philadelphia,Pennsylvania,Dallas,Texas,Texas
77,Philadelphia,Pennsylvania,Jacksonville,Florida,Alabama
78,Philadelphia,Pennsylvania,Indianapolis,Indiana,Indiana
79,Philadelphia,Pennsylvania,Austin,Texas,Texas
80,Philadelphia,Pennsylvania,Detroit,Michigan,Michigan
81,Philadelphia,Pennsylvania,Memphis,Tennessee,Kentucky
82,Philadelphia,Pennsylvania,Boston,Massachusetts,Massachusetts
83,Philadelphia,Pennsylvania,Seattle,Washington,Oregon
84,Philadelphia,Pennsylvania,Denver,Colorado,Colorado
85,Philadelphia,Pennsylvania,Baltimore,Maryland,Maryland
86,Philadelphia,Pennsylvania,Nashville,Tennessee,Kentucky
87,Philadelphia,Pennsylvania,Louisville,Kentucky,Kentucky
88,Philadelphia,Pennsylvania,Milwaukee,Wisconsin,Wisconsin
89,Philadelphia,Pennsylvania,Portland,Oregon,Oregon
90,Philadelphia,Pennsylvania,Tucson,Arizona,Arizona
91,Philadelphia,Pennsylvania,Fresno,California,Nevada
92,Philadelphia,Pennsylvania,Sacramento,California,California
93,Philadelphia,Pennsylvania,Mesa,Arizona,Wyoming
94,Philadelphia,Pennsylvania,Atlanta,Georgia,Georgia
95,Philadelphia,Pennsylvania,Omaha,Nebraska,Nebraska
96,Philadelphia,Pennsylvania,Miami,Florida,Ohio
97,Philadelphia,Pennsylvania,Tulsa,Oklahoma,Oklahoma
98,Philadelphia,Pennsylvania,Oakland,California,Michigan
99,Philadelphia,Pennsylvania,Cleveland,Ohio,Ohio
100,Philadelphia,Pennsylvania,Minneapolis,Minnesota,Wisconsin
101,Philadelphia,Pennsylvania,Wichita,Kansas,Kansas
102,Philadelphia,Pennsylvania,Arlington,Texas,Virginia
103,Philadelphia,Pennsylvania,Bakersfield,California,California
106,Philadelphia,Pennsylvania,Honolulu,Hawaii,Hawaii
107,Philadelphia,Pennsylvania,Lexington,Kentucky,Kentucky
109,Philadelphia,Pennsylvania,Cincinnati,Ohio,Ohio
113,Phoenix,Arizona,Dallas,Texas,Texas
114,Phoenix,Arizona,Jacksonville,Florida,Alabama
115,Phoenix,Arizona,Indianapolis,Indiana,Indiana
116,Phoenix,Arizona,Austin,Texas,Texas
117,Phoenix,Arizona,Detroit,Michigan,Michigan
118,Phoenix,Arizona,Memphis,Tennessee,Tennessee
119,Phoenix,Arizona,Boston,Massachusetts,Massachusetts
120,Phoenix,Arizona,Seattle,Washington,Oregon
121,Phoenix,Arizona,Denver,Colorado,Colorado
122,Phoenix,Arizona,Baltimore,Maryland,Maryland
123,Phoenix,Arizona,Nashville,Tennessee,Tennessee
124,Phoenix,Arizona,Louisville,Kentucky,Kentucky
125,Phoenix,Arizona,Milwaukee,Wisconsin,Wisconsin
126,Phoenix,Arizona,Portland,Oregon,Oregon
127,Phoenix,Arizona,Fresno,California,Oregon
128,Phoenix,Arizona,Sacramento,California,Fresno
129,Phoenix,Arizona,Atlanta,Georgia,Georgia
130,Phoenix,Arizona,Omaha,Nebraska,Nebraska
131,Phoenix,Arizona,Miami,Florida,Florida
132,Phoenix,Arizona,Tulsa,Oklahoma,Oklahoma
133,Phoenix,Arizona,Oakland,California,California
134,Phoenix,Arizona,Cleveland,Ohio,Ohio
135,Phoenix,Arizona,Minneapolis,Minnesota,Minnesota
136,Phoenix,Arizona,Wichita,Kansas,Kansas
137,Phoenix,Arizona,Arlington,Texas,Texas
138,Phoenix,Arizona,Bakersfield,California,Fresno
141,Phoenix,Arizona,Honolulu,Hawaii,Hawaii
142,Phoenix,Arizona,Pittsburgh,Pennsylvania,Pennsylvania
143,Phoenix,Arizona,Lexington,Kentucky,Kentucky
145,Phoenix,Arizona,Cincinnati,Ohio,Ohio
149,Phoenix,Arizona,Henderson,Nevada,Jenkins
150,Dallas,Texas,Jacksonville,Florida,Alabama
151,Dallas,Texas,Indianapolis,Indiana,Indiana
152,Dallas,Texas,Detroit,Michigan,Michigan
153,Dallas,Texas,Memphis,Tennessee,Tennessee
154,Dallas,Texas,Boston,Massachusetts,Massachusetts
155,Dallas,Texas,Seattle,Washington,Oregon
156,Dallas,Texas,Denver,Colorado,Colorado
157,Dallas,Texas,Baltimore,Maryland,Maryland
158,Dallas,Texas,Nashville,Tennessee,Tennessee
159,Dallas,Texas,Louisville,Kentucky,Kentucky
160,Dallas,Texas,Milwaukee,Wisconsin,Wisconsin
161,Dallas,Texas,Portland,Oregon,Oregon
162,Dallas,Texas,Tucson,Arizona,Arizona
163,Dallas,Texas,Fresno,California,California
164,Dallas,Texas,Sacramento,California,California
165,Dallas,Texas,Mesa,Arizona,Arizona
166,Dallas,Texas,Atlanta,Georgia,Georgia
167,Dallas,Texas,Omaha,Nebraska,Nebraska
168,Dallas,Texas,Miami,Florida,Florida
169,Dallas,Texas,Tulsa,Oklahoma,Oklahoma
170,Dallas,Texas,Oakland,California,California
171,Dallas,Texas,Cleveland,Ohio,Ohio
172,Dallas,Texas,Minneapolis,Minnesota,Minnesota
173,Dallas,Texas,Wichita,Kansas,Kansas
174,Dallas,Texas,Bakersfield,California,California
177,Dallas,Texas,Honolulu,Hawaii,Hawaii
178,Dallas,Texas,Pittsburgh,Pennsylvania,Pennsylvania
179,Dallas,Texas,Lexington,Kentucky,Kentucky
181,Dallas,Texas,Cincinnati,Ohio,Ohio
184,Dallas,Texas,Henderson,Nevada,Patterson
185,Dallas,Texas,Orlando,Florida,Florida
186,Jacksonville,Florida,Indianapolis,Indiana,Indiana
187,Jacksonville,Florida,Austin,Texas,Texas
188,Jacksonville,Florida,Detroit,Michigan,Michigan
189,Jacksonville,Florida,Memphis,Tennessee,Oklahoma
190,Jacksonville,Florida,Boston,Massachusetts,Massachusetts
191,Jacksonville,Florida,Seattle,Washington,Oregon
192,Jacksonville,Florida,Denver,Colorado,Colorado
193,Jacksonville,Florida,Baltimore,Maryland,Maryland
194,Jacksonville,Florida,Nashville,Tennessee,Tennessee
195,Jacksonville,Florida,Louisville,Kentucky,Kentucky
196,Jacksonville,Florida,Milwaukee,Wisconsin,Wisconsin
197,Jacksonville,Florida,Portland,Oregon,Oregon
198,Jacksonville,Florida,Tucson,Arizona,Arizona
199,Jacksonville,Florida,Fresno,California,California
200,Jacksonville,Florida,Sacramento,California,California
201,Jacksonville,Florida,Mesa,Arizona,Colorado
202,Jacksonville,Florida,Atlanta,Georgia,Georgia
203,Jacksonville,Florida,Omaha,Nebraska,Nebraska
204,Jacksonville,Florida,Tulsa,Oklahoma,Oklahoma
205,Jacksonville,Florida,Oakland,California,California
206,Jacksonville,Florida,Cleveland,Ohio,Ohio
207,Jacksonville,Florida,Minneapolis,Minnesota,Minnesota
208,Jacksonville,Florida,Wichita,Kansas,Kansas
209,Jacksonville,Florida,Arlington,Texas,Texas
210,Jacksonville,Florida,Bakersfield,California,California
212,Jacksonville,Florida,Honolulu,Hawaii,Hawaii
213,Jacksonville,Florida,Pittsburgh,Pennsylvania,Pennsylvania
214,Jacksonville,Florida,Lexington,Kentucky,Kentucky
216,Jacksonville,Florida,Cincinnati,Ohio,Ohio
220,Jacksonville,Florida,Henderson,Nevada,Robinson
221,Jacksonville,Florida,Laredo,Texas,Texas
222,Indianapolis,Indiana,Austin,Texas,Texas
223,Indianapolis,Indiana,Detroit,Michigan,Michigan
224,Indianapolis,Indiana,Memphis,Tennessee,Arkansas
225,Indianapolis,Indiana,Boston,Massachusetts,Massachusetts
226,Indianapolis,Indiana,Seattle,Washington,Oregon
227,Indianapolis,Indiana,Denver,Colorado,Colorado
228,Indianapolis,Indiana,Baltimore,Maryland,Maryland
229,Indianapolis,Indiana,Nashville,Tennessee,Tennessee
230,Indianapolis,Indiana,Louisville,Kentucky,Kentucky
231,Indianapolis,Indiana,Milwaukee,Wisconsin,Wisconsin
232,Indianapolis,Indiana,Portland,Oregon,Oregon
233,Indianapolis,Indiana,Tucson,Arizona,Arizona
234,Indianapolis,Indiana,Fresno,California,Oregon
235,Indianapolis,Indiana,Sacramento,California,California
236,Indianapolis,Indiana,Mesa,Arizona,Arizona
237,Indianapolis,Indiana,Atlanta,Georgia,Georgia
238,Indianapolis,Indiana,Omaha,Nebraska,Nebraska
239,Indianapolis,Indiana,Miami,Florida,Florida
240,Indianapolis,Indiana,Tulsa,Oklahoma,Oklahoma
241,Indianapolis,Indiana,Oakland,California,Michigan
242,Indianapolis,Indiana,Cleveland,Ohio,Ohio
243,Indianapolis,Indiana,Minneapolis,Minnesota,Minnesota
244,Indianapolis,Indiana,Wichita,Kansas,Kansas
245,Indianapolis,Indiana,Arlington,Texas,Virginia
246,Indianapolis,Indiana,Bakersfield,California,California
249,Indianapolis,Indiana,Honolulu,Hawaii,Hawaii
250,Indianapolis,Indiana,Pittsburgh,Pennsylvania,Pennsylvania
251,Indianapolis,Indiana,Lexington,Kentucky,Kentucky
253,Indianapolis,Indiana,Cincinnati,Ohio,Ohio
257,Indianapolis,Indiana,Henderson,Nevada,Hodges
258,Indianapolis,Indiana,Orlando,Florida,Florida
259,Indianapolis,Indiana,Laredo,Texas,Texas
260,Indianapolis,Indiana,Chandler,Arizona,Parker
261,Austin,Texas,Detroit,Michigan,Michigan
262,Austin,Texas,Memphis,Tennessee,Tennessee
263,Austin,Texas,Boston,Massachusetts,Massachusetts
264,Austin,Texas,Seattle,Washington,Oregon
265,Austin,Texas,Denver,Colorado,Colorado
266,Austin,Texas,Baltimore,Maryland,Maryland
267,Austin,Texas,Nashville,Tennessee,Tennessee
268,Austin,Texas,Louisville,Kentucky,Kentucky
269,Austin,Texas,Milwaukee,Wisconsin,Wisconsin
270,Austin,Texas,Portland,Oregon,Oregon
271,Austin,Texas,Tucson,Arizona,Arizona
272,Austin,Texas,Fresno,California,Bakersfield
273,Austin,Texas,Sacramento,California,California
274,Austin,Texas,Mesa,Arizona,Arizona
275,Austin,Texas,Atlanta,Georgia,Georgia
276,Austin,Texas,Omaha,Nebraska,Nebraska
277,Austin,Texas,Miami,Florida,Florida
278,Austin,Texas,Tulsa,Oklahoma,Oklahoma
279,Austin,Texas,Oakland,California,California
280,Austin,Texas,Cleveland,Ohio,Ohio
281,Austin,Texas,Minneapolis,Minnesota,Minnesota
282,Austin,Texas,Wichita,Kansas,Kansas
283,Austin,Texas,Bakersfield,California,Fresno
286,Austin,Texas,Honolulu,Hawaii,Hawaii
287,Austin,Texas,Pittsburgh,Pennsylvania,Pennsylvania
288,Austin,Texas,Lexington,Kentucky,Kentucky
290,Austin,Texas,Cincinnati,Ohio,Ohio
293,Austin,Texas,Henderson,Nevada,Robinson
294,Austin,Texas,Orlando,Florida,Florida
295,Austin,Texas,Chandler,Arizona,Arizona
296,Austin,Texas,Madison,Wisconsin,Wisconsin
297,Detroit,Michigan,Memphis,Tennessee,Tennessee
298,Detroit,Michigan,Boston,Massachusetts,Massachusetts
299,Detroit,Michigan,Seattle,Washington,Oregon
300,Detroit,Michigan,Denver,Colorado,Colorado
301,Detroit,Michigan,Baltimore,Maryland,Maryland
302,Detroit,Michigan,Nashville,Tennessee,Tennessee
303,Detroit,Michigan,Louisville,Kentucky,Kentucky
304,Detroit,Michigan,Milwaukee,Wisconsin,Wisconsin
305,Detroit,Michigan,Portland,Oregon,Oregon
306,Detroit,Michigan,Tucson,Arizona,Arizona
307,Detroit,Michigan,Fresno,California,Oregon
308,Detroit,Michigan,Sacramento,California,California
309,Detroit,Michigan,Mesa,Arizona,Arizona
310,Detroit,Michigan,Atlanta,Georgia,Georgia
311,Detroit,Michigan,Omaha,Nebraska,Nebraska
312,Detroit,Michigan,Miami,Florida,Florida
313,Detroit,Michigan,Tulsa,Oklahoma,Oklahoma
314,Detroit,Michigan,Oakland,California,California
315,Detroit,Michigan,Cleveland,Ohio,Ohio
316,Detroit,Michigan,Minneapolis,Minnesota,Wisconsin
317,Detroit,Michigan,Wichita,Kansas,Kansas
318,Detroit,Michigan,Arlington,Texas,Virginia
319,Detroit,Michigan,Bakersfield,California,Fresno
322,Detroit,Michigan,Honolulu,Hawaii,Hawaii
323,Detroit,Michigan,Pittsburgh,Pennsylvania,Pennsylvania
324,Detroit,Michigan,Lexington,Kentucky,Kentucky
326,Detroit,Michigan,Cincinnati,Ohio,Ohio
330,Detroit,Michigan,Henderson,Nevada,Morgan
331,Detroit,Michigan,Orlando,Florida,Florida
332,Detroit,Michigan,Laredo,Texas,Texas
333,Detroit,Michigan,Chandler,Arizona,Reynolds
334,Detroit,Michigan,Madison,Wisconsin,Wisconsin
335,Detroit,Michigan,Lubbock,Texas,Texas
336,Memphis,Tennessee,Boston,Massachusetts,Massachusetts
337,Memphis,Tennessee,Seattle,Washington,Oregon
338,Memphis,Tennessee,Denver,Colorado,Colorado
339,Memphis,Tennessee,Baltimore,Maryland,Maryland
340,Memphis,Tennessee,Louisville,Kentucky,Kentucky
341,Memphis,Tennessee,Milwaukee,Wisconsin,Wisconsin
342,Memphis,Tennessee,Portland,Oregon,Oregon
343,Memphis,Tennessee,Tucson,Arizona,Arizona
344,Memphis,Tennessee,Fresno,California,California
345,Memphis,Tennessee,Sacramento,California,California
346,Memphis,Tennessee,Mesa,Arizona,Arizona
347,Memphis,Tennessee,Atlanta,Georgia,Georgia
348,Memphis,Tennessee,Omaha,Nebraska,Nebraska
349,Memphis,Tennessee,Miami,Florida,Florida
350,Memphis,Tennessee,Tulsa,Oklahoma,Oklahoma
351,Memphis,Tennessee,Oakland,California,California
352,Memphis,Tennessee,Cleveland,Ohio,Ohio
353,Memphis,Tennessee,Minneapolis,Minnesota,Minnesota
354,Memphis,Tennessee,Wichita,Kansas,Kansas
355,Memphis,Tennessee,Arlington,Texas,Virginia
356,Memphis,Tennessee,Bakersfield,California,California
359,Memphis,Tennessee,Honolulu,Hawaii,Hawaii
360,Memphis,Tennessee,Pittsburgh,Pennsylvania,Pennsylvania
361,Memphis,Tennessee,Lexington,Kentucky,Kentucky
363,Memphis,Tennessee,Cincinnati,Ohio,Ohio
367,Memphis,Tennessee,Henderson,Nevada,Smith
368,Memphis,Tennessee,Orlando,Florida,Florida
369,Memphis,Tennessee,Laredo,Texas,Texas
370,Memphis,Tennessee,Chandler,Arizona,Wilson
371,Memphis,Tennessee,Madison,Wisconsin,Wisconsin
372,Memphis,Tennessee,Lubbock,Texas,Texas
373,Memphis,Tennessee,Garland,Texas,Cobb
374,Boston,Massachusetts,Seattle,Washington,Oregon
375,Boston,Massachusetts,Denver,Colorado,Colorado
376,Boston,Massachusetts,Baltimore,Maryland,Maryland
377,Boston,Massachusetts,Nashville,Tennessee,Tennessee
378,Boston,Massachusetts,Louisville,Kentucky,Kentucky
379,Boston,Massachusetts,Milwaukee,Wisconsin,Wisconsin
380,Boston,Massachusetts,Portland,Oregon,Oregon
381,Boston,Massachusetts,Tucson,Arizona,Arizona
382,Boston,Massachusetts,Fresno,California,California
383,Boston,Massachusetts,Sacramento,California,California
384,Boston,Massachusetts,Mesa,Arizona,Nevada
385,Boston,Massachusetts,Atlanta,Georgia,Georgia
386,Boston,Massachusetts,Omaha,Nebraska,Nebraska
387,Boston,Massachusetts,Miami,Florida,Florida
388,Boston,Massachusetts,Tulsa,Oklahoma,Oklahoma
389,Boston,Massachusetts,Oakland,California,California
390,Boston,Massachusetts,Cleveland,Ohio,Ohio
391,Boston,Massachusetts,Minneapolis,Minnesota,Minnesota
392,Boston,Massachusetts,Wichita,Kansas,Kansas
393,Boston,Massachusetts,Arlington,Texas,Virginia
394,Boston,Massachusetts,Bakersfield,California,California
397,Boston,Massachusetts,Honolulu,Hawaii,Hawaii
398,Boston,Massachusetts,Pittsburgh,Pennsylvania,Pennsylvania
399,Boston,Massachusetts,Lexington,Kentucky,Kentucky
401,Boston,Massachusetts,Cincinnati,Ohio,Ohio
405,Boston,Massachusetts,Henderson,Nevada,Smith
406,Boston,Massachusetts,Orlando,Florida,Florida
407,Boston,Massachusetts,Laredo,Texas,Raymondville
408,Boston,Massachusetts,Chandler,Arizona,Gilbert
409,Boston,Massachusetts,Madison,Wisconsin,Wisconsin
410,Boston,Massachusetts,Lubbock,Texas,Abilene
411,Boston,Massachusetts,Garland,Texas,McKinney
412,Boston,Massachusetts,Glendale,Arizona,Nevada
413,Seattle,Washington,Denver,Colorado,Colorado
414,Seattle,Washington,Baltimore,Maryland,Maryland
415,Seattle,Washington,Nashville,Tennessee,Tennessee
416,Seattle,Washington,Louisville,Kentucky,Kentucky
417,Seattle,Washington,Milwaukee,Wisconsin,Madison
418,Seattle,Washington,Portland,Oregon,Maine
419,Seattle,Washington,Tucson,Arizona,Arizona
420,Seattle,Washington,Fresno,California,Sacramento
421,Seattle,Washington,Sacramento,California,Fresno
422,Seattle,Washington,Mesa,Arizona,Arizona
423,Seattle,Washington,Atlanta,Georgia,Georgia
424,Seattle,Washington,Omaha,Nebraska,Lincoln
425,Seattle,Washington,Miami,Florida,Florida
426,Seattle,Washington,Tulsa,Oklahoma,Oklahoma
427,Seattle,Washington,Oakland,California,Hillsdale
428,Seattle,Washington,Cleveland,Ohio,Ohio
429,Seattle,Washington,Minneapolis,Minnesota,Minnesota
430,Seattle,Washington,Wichita,Kansas,Kansas
431,Seattle,Washington,Arlington,Texas,Virginia
432,Seattle,Washington,Bakersfield,California,Fresno
435,Seattle,Washington,Honolulu,Hawaii,Hawaii
436,Seattle,Washington,Pittsburgh,Pennsylvania,Pennsylvania
437,Seattle,Washington,Lexington,Kentucky,Frankfort
439,Seattle,Washington,Cincinnati,Ohio,Ohio
443,Seattle,Washington,Henderson,Nevada,Morgan
444,Seattle,Washington,Orlando,Florida,Florida
445,Seattle,Washington,Laredo,Texas,Grayson
446,Seattle,Washington,Chandler,Arizona,Wilson
447,Seattle,Washington,Madison,Wisconsin,Jefferson
448,Seattle,Washington,Lubbock,Texas,Waco
449,Seattle,Washington,Garland,Texas,Wilson
450,Seattle,Washington,Glendale,Arizona,Burbank
452,Denver,Colorado,Baltimore,Maryland,Maryland
453,Denver,Colorado,Nashville,Tennessee,Tennessee
454,Denver,Colorado,Louisville,Kentucky,Kentucky
455,Denver,Colorado,Milwaukee,Wisconsin,Wisconsin
456,Denver,Colorado,Portland,Oregon,Oregon
457,Denver,Colorado,Tucson,Arizona,Arizona
458,Denver,Colorado,Fresno,California,Bakersfield
459,Denver,Colorado,Sacramento,California,California
460,Denver,Colorado,Mesa,Arizona,Arizona
461,Denver,Colorado,Atlanta,Georgia,Georgia
462,Denver,Colorado,Omaha,Nebraska,Nebraska
463,Denver,Colorado,Miami,Florida,Florida
464,Denver,Colorado,Tulsa,Oklahoma,Oklahoma
465,Denver,Colorado,Oakland,California,California
466,Denver,Colorado,Cleveland,Ohio,Ohio
467,Denver,Colorado,Minneapolis,Minnesota,Minnesota
468,Denver,Colorado,Wichita,Kansas,Kansas
469,Denver,Colorado,Arlington,Texas,Texas
470,Denver,Colorado,Bakersfield,California,Fresno
473,Denver,Colorado,Honolulu,Hawaii,Hawaii
474,Denver,Colorado,Pittsburgh,Pennsylvania,Pennsylvania
475,Denver,Colorado,Lexington,Kentucky,Kentucky
477,Denver,Colorado,Cincinnati,Ohio,Ohio
481,Denver,Colorado,Henderson,Nevada,Morgan
482,Denver,Colorado,Orlando,Florida,Florida
483,Denver,Colorado,Laredo,Texas,Texas
484,Denver,Colorado,Chandler,Arizona,Wilson
485,Denver,Colorado,Madison,Wisconsin,Wisconsin
486,Denver,Colorado,Lubbock,Texas,Texas
487,Denver,Colorado,Garland,Texas,Texas
488,Denver,Colorado,Glendale,Arizona,Arizona
490,Denver,Colorado,Reno,Nevada,Nevada
491,Baltimore,Maryland,Nashville,Tennessee,Tennessee
492,Baltimore,Maryland,Louisville,Kentucky,Kentucky
493,Baltimore,Maryland,Milwaukee,Wisconsin,Wisconsin
494,Baltimore,Maryland,Portland,Oregon,Oregon
495,Baltimore,Maryland,Tucson,Arizona,Arizona
496,Baltimore,Maryland,Fresno,California,Oregon
497,Baltimore,Maryland,Sacramento,California,California
498,Baltimore,Maryland,Mesa,Arizona,Colorado
499,Baltimore,Maryland,Atlanta,Georgia,Georgia
500,Baltimore,Maryland,Omaha,Nebraska,Nebraska
501,Baltimore,Maryland,Miami,Florida,Florida
502,Baltimore,Maryland,Tulsa,Oklahoma,Oklahoma
503,Baltimore,Maryland,Oakland,California,California
504,Baltimore,Maryland,Cleveland,Ohio,Ohio
505,Baltimore,Maryland,Minneapolis,Minnesota,Minnesota
506,Baltimore,Maryland,Wichita,Kansas,Kansas
507,Baltimore,Maryland,Arlington,Texas,Virginia
508,Baltimore,Maryland,Bakersfield,California,California
511,Baltimore,Maryland,Honolulu,Hawaii,Hawaii
512,Baltimore,Maryland,Pittsburgh,Pennsylvania,Pennsylvania
513,Baltimore,Maryland,Lexington,Kentucky,Kentucky
515,Baltimore,Maryland,Cincinnati,Ohio,Kentucky
519,Baltimore,Maryland,Henderson,Nevada,Davidson
520,Baltimore,Maryland,Orlando,Florida,Florida
521,Baltimore,Maryland,Laredo,Texas,Texas
522,Baltimore,Maryland,Chandler,Arizona,Parker
523,Baltimore,Maryland,Madison,Wisconsin,Wisconsin
524,Baltimore,Maryland,Lubbock,Texas,Texas
525,Baltimore,Maryland,Garland,Texas,McKinney
526,Baltimore,Maryland,Glendale,Arizona,California
528,Baltimore,Maryland,Reno,Nevada,Nevada
530,Nashville,Tennessee,Louisville,Kentucky,Kentucky
531,Nashville,Tennessee,Milwaukee,Wisconsin,Wisconsin
532,Nashville,Tennessee,Portland,Oregon,Oregon
533,Nashville,Tennessee,Tucson,Arizona,Arizona
534,Nashville,Tennessee,Fresno,California,Oregon
535,Nashville,Tennessee,Sacramento,California,California
536,Nashville,Tennessee,Mesa,Arizona,Arizona
537,Nashville,Tennessee,Atlanta,Georgia,Georgia
538,Nashville,Tennessee,Omaha,Nebraska,Nebraska
539,Nashville,Tennessee,Miami,Florida,Florida
540,Nashville,Tennessee,Tulsa,Oklahoma,Oklahoma
541,Nashville,Tennessee,Oakland,California,Michigan
542,Nashville,Tennessee,Cleveland,Ohio,Ohio
543,Nashville,Tennessee,Minneapolis,Minnesota,Minnesota
544,Nashville,Tennessee,Wichita,Kansas,Kansas
545,Nashville,Tennessee,Arlington,Texas,Texas
546,Nashville,Tennessee,Bakersfield,California,Fresno
549,Nashville,Tennessee,Honolulu,Hawaii,Hawaii
550,Nashville,Tennessee,Pittsburgh,Pennsylvania,Pennsylvania
551,Nashville,Tennessee,Lexington,Kentucky,Kentucky
553,Nashville,Tennessee,Cincinnati,Ohio,Ohio
557,Nashville,Tennessee,Henderson,Nevada,Smith
558,Nashville,Tennessee,Orlando,Florida,Florida
559,Nashville,Tennessee,Laredo,Texas,Texas
560,Nashville,Tennessee,Chandler,Arizona,Parker
561,Nashville,Tennessee,Madison,Wisconsin,Wisconsin
562,Nashville,Tennessee,Lubbock,Texas,Texas
563,Nashville,Tennessee,Garland,Texas,Blanton
564,Nashville,Tennessee,Glendale,Arizona,Arizona
566,Nashville,Tennessee,Reno,Nevada,Nevada
568,Nashville,Tennessee,Irving,Texas,Texas
569,Louisville,Kentucky,Milwaukee,Wisconsin,Wisconsin
570,Louisville,Kentucky,Portland,Oregon,Oregon
571,Louisville,Kentucky,Tucson,Arizona,Arizona
572,Louisville,Kentucky,Fresno,California,California
573,Louisville,Kentucky,Sacramento,California,California
574,Louisville,Kentucky,Mesa,Arizona,Nevada
575,Louisville,Kentucky,Atlanta,Georgia,Georgia
576,Louisville,Kentucky,Omaha,Nebraska,Nebraska
577,Louisville,Kentucky,Miami,Florida,Florida
578,Louisville,Kentucky,Tulsa,Oklahoma,Oklahoma
579,Louisville,Kentucky,Oakland,California,California
580,Louisville,Kentucky,Cleveland,Ohio,Ohio
581,Louisville,Kentucky,Minneapolis,Minnesota,Minnesota
582,Louisville,Kentucky,Wichita,Kansas,Kansas
583,Louisville,Kentucky,Arlington,Texas,Virginia
584,Louisville,Kentucky,Bakersfield,California,California
587,Louisville,Kentucky,Honolulu,Hawaii,Hawaii
588,Louisville,Kentucky,Pittsburgh,Pennsylvania,Pennsylvania
590,Louisville,Kentucky,Cincinnati,Ohio,Ohio
594,Louisville,Kentucky,Henderson,Nevada,Boyd
595,Louisville,Kentucky,Orlando,Florida,Florida
596,Louisville,Kentucky,Laredo,Texas,Texas
597,Louisville,Kentucky,Chandler,Arizona,Wilson
598,Louisville,Kentucky,Madison,Wisconsin,Wisconsin
599,Louisville,Kentucky,Lubbock,Texas,Texas
600,Louisville,Kentucky,Garland,Texas,Blanton
601,Louisville,Kentucky,Glendale,Arizona,Arizona
603,Louisville,Kentucky,Reno,Nevada,Nevada
605,Louisville,Kentucky,Irving,Texas,Texas
607,Milwaukee,Wisconsin,Portland,Oregon,Oregon
608,Milwaukee,Wisconsin,Tucson,Arizona,Arizona
609,Milwaukee,Wisconsin,Fresno,California,Oregon
610,Milwaukee,Wisconsin,Sacramento,California,California
611,Milwaukee,Wisconsin,Mesa,Arizona,Idaho
612,Milwaukee,Wisconsin,Atlanta,Georgia,Georgia
613,Milwaukee,Wisconsin,Omaha,Nebraska,Nebraska
614,Milwaukee,Wisconsin,Miami,Florida,Florida
615,Milwaukee,Wisconsin,Tulsa,Oklahoma,Oklahoma
616,Milwaukee,Wisconsin,Oakland,California,Michigan
617,Milwaukee,Wisconsin,Cleveland,Ohio,Ohio
618,Milwaukee,Wisconsin,Minneapolis,Minnesota,Minnesota
619,Milwaukee,Wisconsin,Wichita,Kansas,Kansas
620,Milwaukee,Wisconsin,Arlington,Texas,Virginia
621,Milwaukee,Wisconsin,Bakersfield,California,California
624,Milwaukee,Wisconsin,Honolulu,Hawaii,Hawaii
625,Milwaukee,Wisconsin,Pittsburgh,Pennsylvania,Pennsylvania
626,Milwaukee,Wisconsin,Lexington,Kentucky,Kentucky
628,Milwaukee,Wisconsin,Cincinnati,Ohio,Ohio
632,Milwaukee,Wisconsin,Henderson,Nevada,McIntosh
633,Milwaukee,Wisconsin,Orlando,Florida,Florida
634,Milwaukee,Wisconsin,Laredo,Texas,Texas
635,Milwaukee,Wisconsin,Chandler,Arizona,Fowler
636,Milwaukee,Wisconsin,Lubbock,Texas,Texas
637,Milwaukee,Wisconsin,Garland,Texas,McKinney
638,Milwaukee,Wisconsin,Glendale,Arizona,Arizona
640,Milwaukee,Wisconsin,Reno,Nevada,Nevada
642,Milwaukee,Wisconsin,Irving,Texas,Texas
645,Portland,Oregon,Tucson,Arizona,Arizona
646,Portland,Oregon,Fresno,California,California
647,Portland,Oregon,Sacramento,California,California
648,Portland,Oregon,Mesa,Arizona,Arizona
649,Portland,Oregon,Atlanta,Georgia,Georgia
650,Portland,Oregon,Omaha,Nebraska,Nebraska
651,Portland,Oregon,Miami,Florida,Florida
652,Portland,Oregon,Tulsa,Oklahoma,Oklahoma
653,Portland,Oregon,Oakland,California,California
654,Portland,Oregon,Cleveland,Ohio,Ohio
655,Portland,Oregon,Minneapolis,Minnesota,Minnesota
656,Portland,Oregon,Wichita,Kansas,Kansas
657,Portland,Oregon,Arlington,Texas,Texas
658,Portland,Oregon,Bakersfield,California,California
661,Portland,Oregon,Honolulu,Hawaii,Hawaii
662,Portland,Oregon,Pittsburgh,Pennsylvania,Pennsylvania
663,Portland,Oregon,Lexington,Kentucky,Kentucky
665,Portland,Oregon,Cincinnati,Ohio,Ohio
669,Portland,Oregon,Henderson,Nevada,Hawkins
670,Portland,Oregon,Orlando,Florida,Florida
671,Portland,Oregon,Laredo,Texas,Texas
672,Portland,Oregon,Chandler,Arizona,Arizona
673,Portland,Oregon,Madison,Wisconsin,Wisconsin
674,Portland,Oregon,Lubbock,Texas,Texas
675,Portland,Oregon,Garland,Texas,Blanton
676,Portland,Oregon,Glendale,Arizona,Arizona
678,Portland,Oregon,Reno,Nevada,Nevada
680,Portland,Oregon,Irving,Texas,Texas
683,Portland,Oregon,Spokane,Washington,Idaho
684,Tucson,Arizona,Fresno,California,Oregon
685,Tucson,Arizona,Sacramento,California,California
686,Tucson,Arizona,Atlanta,Georgia,Georgia
687,Tucson,Arizona,Omaha,Nebraska,Nebraska
688,Tucson,Arizona,Miami,Florida,Florida
689,Tucson,Arizona,Tulsa,Oklahoma,Oklahoma
690,Tucson,Arizona,Oakland,California,Michigan
691,Tucson,Arizona,Cleveland,Ohio,Ohio
692,Tucson,Arizona,Minneapolis,Minnesota,Minnesota
693,Tucson,Arizona,Wichita,Kansas,Kansas
694,Tucson,Arizona,Arlington,Texas,Texas
695,Tucson,Arizona,Bakersfield,California,Fresno
698,Tucson,Arizona,Honolulu,Hawaii,Hawaii
699,Tucson,Arizona,Pittsburgh,Pennsylvania,Cincinnati
700,Tucson,Arizona,Lexington,Kentucky,Kentucky
702,Tucson,Arizona,Cincinnati,Ohio,Ohio
706,Tucson,Arizona,Henderson,Nevada,Smith
707,Tucson,Arizona,Orlando,Florida,Florida
708,Tucson,Arizona,Laredo,Texas,Texas
709,Tucson,Arizona,Madison,Wisconsin,Wisconsin
710,Tucson,Arizona,Lubbock,Texas,Texas
711,Tucson,Arizona,Garland,Texas,Weaver
713,Tucson,Arizona,Reno,Nevada,Nevada
714,Tucson,Arizona,Irving,Texas,Texas
717,Tucson,Arizona,Spokane,Washington,Oregon
719,Fresno,California,Mesa,Arizona,Arizona
720,Fresno,California,Atlanta,Georgia,Philadelphia
721,Fresno,California,Omaha,Nebraska,Nebraska
722,Fresno,California,Miami,Florida,Florida
723,Fresno,California,Tulsa,Oklahoma,Oklahoma
724,Fresno,California,Cleveland,Ohio,Ohio
725,Fresno,California,Minneapolis,Minnesota,Minnesota
726,Fresno,California,Wichita,Kansas,Kansas
727,Fresno,California,Arlington,Texas,Virginia
729,Fresno,California,Honolulu,Hawaii,Hawaii
730,Fresno,California,Pittsburgh,Pennsylvania,Pennsylvania
731,Fresno,California,Lexington,Kentucky,Kentucky
732,Fresno,California,Cincinnati,Ohio,Ohio
736,Fresno,California,Henderson,Nevada,Smith
737,Fresno,California,Orlando,Florida,Florida
738,Fresno,California,Laredo,Texas,Texas
739,Fresno,California,Chandler,Arizona,Parker
740,Fresno,California,Madison,Wisconsin,Wisconsin
741,Fresno,California,Lubbock,Texas,Texas
742,Fresno,California,Garland,Texas,Texas
743,Fresno,California,Glendale,Arizona,Burbank
745,Fresno,California,Reno,Nevada,Nevada
747,Fresno,California,Irving,Texas,Texas
748,Fresno,California,Spokane,Washington,Oregon
749,Fresno,California,Shreveport,Louisiana,Louisiana
750,Sacramento,California,Mesa,Arizona,Arizona
751,Sacramento,California,Atlanta,Georgia,Georgia
752,Sacramento,California,Omaha,Nebraska,Nebraska
753,Sacramento,California,Miami,Florida,Florida
754,Sacramento,California,Tulsa,Oklahoma,Oklahoma
755,Sacramento,California,Cleveland,Ohio,Ohio
756,Sacramento,California,Minneapolis,Minnesota,Minnesota
757,Sacramento,California,Wichita,Kansas,Kansas
758,Sacramento,California,Arlington,Texas,Texas
760,Sacramento,California,Honolulu,Hawaii,Hawaii
761,Sacramento,California,Pittsburgh,Pennsylvania,Pennsylvania
762,Sacramento,California,Lexington,Kentucky,Kentucky
763,Sacramento,California,Cincinnati,Ohio,Ohio
767,Sacramento,California,Henderson,Nevada,Boyd
768,Sacramento,California,Orlando,Florida,Florida
769,Sacramento,California,Laredo,Texas,Texas
770,Sacramento,California,Chandler,Arizona,Wilson
771,Sacramento,California,Madison,Wisconsin,Wisconsin
772,Sacramento,California,Lubbock,Texas,Texas
773,Sacramento,California,Garland,Texas,Texas
774,Sacramento,California,Glendale,Arizona,Burbank
776,Sacramento,California,Reno,Nevada,Nevada
778,Sacramento,California,Irving,Texas,Texas
779,Sacramento,California,Spokane,Washington,Idaho
780,Sacramento,California,Shreveport,Louisiana,Louisiana
782,Mesa,Arizona,Atlanta,Georgia,Georgia
783,Mesa,Arizona,Omaha,Nebraska,Nebraska
784,Mesa,Arizona,Miami,Florida,Florida
785,Mesa,Arizona,Tulsa,Oklahoma,Oklahoma
786,Mesa,Arizona,Oakland,California,Minnesota
787,Mesa,Arizona,Cleveland,Ohio,Ohio
788,Mesa,Arizona,Minneapolis,Minnesota,Minnesota
789,Mesa,Arizona,Wichita,Kansas,Kansas
790,Mesa,Arizona,Arlington,Texas,Virginia
791,Mesa,Arizona,Bakersfield,California,California
794,Mesa,Arizona,Honolulu,Hawaii,Hawaii
795,Mesa,Arizona,Pittsburgh,Pennsylvania,Philadelphia
796,Mesa,Arizona,Lexington,Kentucky,Kentucky
798,Mesa,Arizona,Cincinnati,Ohio,Ohio
802,Mesa,Arizona,Henderson,Nevada,Robinson
803,Mesa,Arizona,Orlando,Florida,Florida
804,Mesa,Arizona,Laredo,Texas,Texas
805,Mesa,Arizona,Madison,Wisconsin,Wisconsin
806,Mesa,Arizona,Lubbock,Texas,Texas
807,Mesa,Arizona,Garland,Texas,Tennessee
809,Mesa,Arizona,Reno,Nevada,Nevada
810,Mesa,Arizona,Irving,Texas,Texas
813,Mesa,Arizona,Spokane,Washington,Oregon
815,Mesa,Arizona,Shreveport,Louisiana,Louisiana
817,Mesa,Arizona,Oxnard,California,California
818,Atlanta,Georgia,Omaha,Nebraska,Nebraska
819,Atlanta,Georgia,Miami,Florida,Florida
820,Atlanta,Georgia,Tulsa,Oklahoma,Oklahoma
821,Atlanta,Georgia,Oakland,California,Berkeley
822,Atlanta,Georgia,Cleveland,Ohio,Ohio
823,Atlanta,Georgia,Minneapolis,Minnesota,Minnesota
824,Atlanta,Georgia,Wichita,Kansas,Kansas
825,Atlanta,Georgia,Arlington,Texas,Virginia
826,Atlanta,Georgia,Bakersfield,California,Fresno
829,Atlanta,Georgia,Honolulu,Hawaii,Hawaii
830,Atlanta,Georgia,Pittsburgh,Pennsylvania,Pennsylvania
831,Atlanta,Georgia,Lexington,Kentucky,Kentucky
833,Atlanta,Georgia,Cincinnati,Ohio,Ohio
837,Atlanta,Georgia,Henderson,Nevada,Morgan
838,Atlanta,Georgia,Orlando,Florida,Florida
839,Atlanta,Georgia,Laredo,Texas,Texas
840,Atlanta,Georgia,Chandler,Arizona,Wilson
841,Atlanta,Georgia,Madison,Wisconsin,Wisconsin
842,Atlanta,Georgia,Lubbock,Texas,Texas
843,Atlanta,Georgia,Garland,Texas,McKinney
844,Atlanta,Georgia,Glendale,Arizona,Arizona
846,Atlanta,Georgia,Reno,Nevada,Nevada
848,Atlanta,Georgia,Irving,Texas,Texas
851,Atlanta,Georgia,Spokane,Washington,Idaho
853,Atlanta,Georgia,Shreveport,Louisiana,Louisiana
855,Atlanta,Georgia,Oxnard,California,Ventura
856,Atlanta,Georgia,Fontana,California,Sonora
857,Omaha,Nebraska,Miami,Florida,Florida
858,Omaha,Nebraska,Tulsa,Oklahoma,Oklahoma
859,Omaha,Nebraska,Oakland,California,Michigan
860,Omaha,Nebraska,Cleveland,Ohio,Ohio
861,Omaha,Nebraska,Minneapolis,Minnesota,Minnesota
862,Omaha,Nebraska,Wichita,Kansas,Kansas
863,Omaha,Nebraska,Arlington,Texas,Texas
864,Omaha,Nebraska,Bakersfield,California,Fresno
867,Omaha,Nebraska,Honolulu,Hawaii,Hawaii
868,Omaha,Nebraska,Pittsburgh,Pennsylvania,Pennsylvania
869,Omaha,Nebraska,Lexington,Kentucky,Kentucky
871,Omaha,Nebraska,Cincinnati,Ohio,Ohio
875,Omaha,Nebraska,Henderson,Nevada,Robinson
876,Omaha,Nebraska,Orlando,Florida,Florida
877,Omaha,Nebraska,Laredo,Texas,Texas
878,Omaha,Nebraska,Chandler,Arizona,Parker
879,Omaha,Nebraska,Madison,Wisconsin,Wisconsin
880,Omaha,Nebraska,Lubbock,Texas,Texas
881,Omaha,Nebraska,Garland,Texas,Texas
882,Omaha,Nebraska,Glendale,Arizona,Arizona
884,Omaha,Nebraska,Reno,Nevada,Nevada
886,Omaha,Nebraska,Irving,Texas,Texas
889,Omaha,Nebraska,Spokane,Washington,Idaho
891,Omaha,Nebraska,Shreveport,Louisiana,Louisiana
893,Omaha,Nebraska,Oxnard,California,Ventura
894,Omaha,Nebraska,Fontana,California,Glendora
895,Omaha,Nebraska,Akron,Ohio,Ohio
896,Miami,Florida,Tulsa,Oklahoma,Oklahoma
897,Miami,Florida,Oakland,California,California
898,Miami,Florida,Cleveland,Ohio,Ohio
899,Miami,Florida,Minneapolis,Minnesota,Minnesota
900,Miami,Florida,Wichita,Kansas,Kansas
901,Miami,Florida,Arlington,Texas,Texas
902,Miami,Florida,Bakersfield,California,California
904,Miami,Florida,Honolulu,Hawaii,Hawaii
905,Miami,Florida,Pittsburgh,Pennsylvania,Pennsylvania
906,Miami,Florida,Lexington,Kentucky,Kentucky
908,Miami,Florida,Cincinnati,Ohio,Kentucky
912,Miami,Florida,Henderson,Nevada,Boyd
913,Miami,Florida,Laredo,Texas,Texas
914,Miami,Florida,Chandler,Arizona,Fowler
915,Miami,Florida,Madison,Wisconsin,Wisconsin
916,Miami,Florida,Lubbock,Texas,Texas
917,Miami,Florida,Garland,Texas,Texas
918,Miami,Florida,Glendale,Arizona,Arizona
919,Miami,Florida,Reno,Nevada,Nevada
921,Miami,Florida,Irving,Texas,Texas
924,Miami,Florida,Spokane,Washington,Idaho
926,Miami,Florida,Shreveport,Louisiana,Louisiana
928,Miami,Florida,Oxnard,California,Bakersfield
929,Miami,Florida,Fontana,California,California
930,Miami,Florida,Akron,Ohio,Ohio
932,Tulsa,Oklahoma,Oakland,California,Michigan
933,Tulsa,Oklahoma,Cleveland,Ohio,Ohio
934,Tulsa,Oklahoma,Minneapolis,Minnesota,Minnesota
935,Tulsa,Oklahoma,Wichita,Kansas,Kansas
936,Tulsa,Oklahoma,Arlington,Texas,Texas
937,Tulsa,Oklahoma,Bakersfield,California,Fresno
940,Tulsa,Oklahoma,Honolulu,Hawaii,Hawaii
941,Tulsa,Oklahoma,Pittsburgh,Pennsylvania,Pennsylvania
942,Tulsa,Oklahoma,Lexington,Kentucky,Kentucky
944,Tulsa,Oklahoma,Cincinnati,Ohio,Ohio
948,Tulsa,Oklahoma,Henderson,Nevada,Robinson
949,Tulsa,Oklahoma,Orlando,Florida,Florida
950,Tulsa,Oklahoma,Laredo,Texas,Texas
951,Tulsa,Oklahoma,Chandler,Arizona,Parker
952,Tulsa,Oklahoma,Madison,Wisconsin,Wisconsin
953,Tulsa,Oklahoma,Lubbock,Texas,Texas
954,Tulsa,Oklahoma,Garland,Texas,McKinney
955,Tulsa,Oklahoma,Glendale,Arizona,Arizona
957,Tulsa,Oklahoma,Reno,Nevada,Nevada
959,Tulsa,Oklahoma,Irving,Texas,Texas
962,Tulsa,Oklahoma,Spokane,Washington,Oregon
964,Tulsa,Oklahoma,Shreveport,Louisiana,Louisiana
966,Tulsa,Oklahoma,Oxnard,California,Ventura
967,Tulsa,Oklahoma,Fontana,California,Glendora
968,Tulsa,Oklahoma,Akron,Ohio,Ohio
970,Tulsa,Oklahoma,Glendale,California,Arizona
971,Oakland,California,Cleveland,Ohio,Ohio
972,Oakland,California,Minneapolis,Minnesota,Minnesota
973,Oakland,California,Wichita,Kansas,Kansas
974,Oakland,California,Arlington,Texas,Virginia
976,Oakland,California,Honolulu,Hawaii,Hawaii
977,Oakland,California,Pittsburgh,Pennsylvania,Pennsylvania
978,Oakland,California,Lexington,Kentucky,Kentucky
979,Oakland,California,Cincinnati,Ohio,Ohio
983,Oakland,California,Henderson,Nevada,Nevada
984,Oakland,California,Orlando,Florida,Florida
985,Oakland,California,Laredo,Texas,Mexico
986,Oakland,California,Chandler,Arizona,Arizona
987,Oakland,California,Madison,Wisconsin,Wisconsin
988,Oakland,California,Lubbock,Texas,Texas
989,Oakland,California,Garland,Texas,Texas
990,Oakland,California,Glendale,Arizona,Nevada
992,Oakland,California,Reno,Nevada,Nevada
994,Oakland,California,Irving,Texas,Texas
995,Oakland,California,Spokane,Washington,Idaho
996,Oakland,California,Shreveport,Louisiana,Louisiana
998,Oakland,California,Akron,Ohio,Ohio
1000,Oakland,California,Tallahassee,Florida,Florida
1001,Cleveland,Ohio,Minneapolis,Minnesota,Minnesota
1002,Cleveland,Ohio,Wichita,Kansas,Kansas
1003,Cleveland,Ohio,Arlington,Texas,Virginia
1004,Cleveland,Ohio,Bakersfield,California,Fresno
1007,Cleveland,Ohio,Honolulu,Hawaii,Hawaii
1008,Cleveland,Ohio,Pittsburgh,Pennsylvania,Pennsylvania
1009,Cleveland,Ohio,Lexington,Kentucky,Kentucky
1013,Cleveland,Ohio,Henderson,Nevada,Boyd
1014,Cleveland,Ohio,Orlando,Florida,Florida
1015,Cleveland,Ohio,Laredo,Texas,Texas
1016,Cleveland,Ohio,Chandler,Arizona,Huffman
1017,Cleveland,Ohio,Madison,Wisconsin,Wisconsin
1018,Cleveland,Ohio,Lubbock,Texas,Texas
1019,Cleveland,Ohio,Garland,Texas,Texas
1020,Cleveland,Ohio,Glendale,Arizona,Arizona
1022,Cleveland,Ohio,Reno,Nevada,Nevada
1024,Cleveland,Ohio,Irving,Texas,Texas
1027,Cleveland,Ohio,Spokane,Washington,Idaho
1029,Cleveland,Ohio,Shreveport,Louisiana,Louisiana
1031,Cleveland,Ohio,Oxnard,California,California
1032,Cleveland,Ohio,Fontana,California,California
1034,Cleveland,Ohio,Glendale,California,Arizona
1035,Cleveland,Ohio,Tallahassee,Florida,Florida
1037,Minneapolis,Minnesota,Wichita,Kansas,Kansas
1038,Minneapolis,Minnesota,Arlington,Texas,Texas
1039,Minneapolis,Minnesota,Bakersfield,California,Fresno
1042,Minneapolis,Minnesota,Honolulu,Hawaii,Hawaii
1043,Minneapolis,Minnesota,Pittsburgh,Pennsylvania,Pennsylvania
1044,Minneapolis,Minnesota,Lexington,Kentucky,Kentucky
1046,Minneapolis,Minnesota,Cincinnati,Ohio,Ohio
1050,Minneapolis,Minnesota,Henderson,Nevada,Weaver
1051,Minneapolis,Minnesota,Orlando,Florida,Florida
1052,Minneapolis,Minnesota,Laredo,Texas,Texas
1053,Minneapolis,Minnesota,Chandler,Arizona,Wilson
1054,Minneapolis,Minnesota,Madison,Wisconsin,Wisconsin
1055,Minneapolis,Minnesota,Lubbock,Texas,Texas
1056,Minneapolis,Minnesota,Garland,Texas,Weaver
1057,Minneapolis,Minnesota,Glendale,Arizona,Arizona
1059,Minneapolis,Minnesota,Reno,Nevada,Nevada
1061,Minneapolis,Minnesota,Irving,Texas,Texas
1064,Minneapolis,Minnesota,Spokane,Washington,Idaho
1066,Minneapolis,Minnesota,Shreveport,Louisiana,Louisiana
1068,Minneapolis,Minnesota,Oxnard,California,Ventura
1069,Minneapolis,Minnesota,Fontana,California,California
1070,Minneapolis,Minnesota,Akron,Ohio,Ohio
1072,Minneapolis,Minnesota,Glendale,California,Arizona
1073,Minneapolis,Minnesota,Tallahassee,Florida,Florida
1075,Minneapolis,Minnesota,Worcester,Massachusetts,Northampton
1076,Wichita,Kansas,Arlington,Texas,Virginia
1077,Wichita,Kansas,Bakersfield,California,California
1080,Wichita,Kansas,Honolulu,Hawaii,Hawaii
1081,Wichita,Kansas,Pittsburgh,Pennsylvania,Pennsylvania
1082,Wichita,Kansas,Lexington,Kentucky,Kentucky
1084,Wichita,Kansas,Cincinnati,Ohio,Ohio
1088,Wichita,Kansas,Henderson,Nevada,Robinson
1089,Wichita,Kansas,Orlando,Florida,Florida
1090,Wichita,Kansas,Laredo,Texas,Texas
1091,Wichita,Kansas,Chandler,Arizona,Parker
1092,Wichita,Kansas,Madison,Wisconsin,Wisconsin
1093,Wichita,Kansas,Lubbock,Texas,Texas
1094,Wichita,Kansas,Garland,Texas,Blanton
1095,Wichita,Kansas,Glendale,Arizona,Arizona
1097,Wichita,Kansas,Reno,Nevada,Nevada
1099,Wichita,Kansas,Irving,Texas,Texas
1102,Wichita,Kansas,Spokane,Washington,Idaho
1104,Wichita,Kansas,Shreveport,Louisiana,Louisiana
1106,Wichita,Kansas,Oxnard,California,California
1107,Wichita,Kansas,Fontana,California,California
1108,Wichita,Kansas,Akron,Ohio,Ohio
1110,Wichita,Kansas,Glendale,California,Arizona
1111,Wichita,Kansas,Tallahassee,Florida,Florida
1113,Wichita,Kansas,Worcester,Massachusetts,Massachusetts
1114,Wichita,Kansas,Chicago,Illinois,Illinois
1115,Arlington,Texas,Bakersfield,California,Fresno
1118,Arlington,Texas,Honolulu,Hawaii,Hawaii
1119,Arlington,Texas,Pittsburgh,Pennsylvania,Cincinnati
1120,Arlington,Texas,Lexington,Kentucky,Kentucky
1122,Arlington,Texas,Cincinnati,Ohio,Ohio
1125,Arlington,Texas,Henderson,Nevada,Hodges
1126,Arlington,Texas,Orlando,Florida,Florida
1127,Arlington,Texas,Chandler,Arizona,Odom
1128,Arlington,Texas,Madison,Wisconsin,Wisconsin
1129,Arlington,Texas,Glendale,Arizona,Arizona
1131,Arlington,Texas,Reno,Nevada,Nevada
1135,Arlington,Texas,Spokane,Washington,Idaho
1137,Arlington,Texas,Shreveport,Louisiana,Louisiana
1139,Arlington,Texas,Oxnard,California,Bakersfield
1140,Arlington,Texas,Fontana,California,California
1141,Arlington,Texas,Akron,Ohio,Ohio
1142,Arlington,Texas,Glendale,California,Arizona
1143,Arlington,Texas,Tallahassee,Florida,Florida
1145,Arlington,Texas,Worcester,Massachusetts,Connecticut
1146,Arlington,Texas,Chicago,Illinois,Illinois
1148,Bakersfield,California,Honolulu,Hawaii,Hawaii
1149,Bakersfield,California,Pittsburgh,Pennsylvania,Pennsylvania
1150,Bakersfield,California,Lexington,Kentucky,Kentucky
1151,Bakersfield,California,Cincinnati,Ohio,Ohio
1155,Bakersfield,California,Henderson,Nevada,Wilkinson
1156,Bakersfield,California,Orlando,Florida,Florida
1157,Bakersfield,California,Laredo,Texas,Texas
1158,Bakersfield,California,Chandler,Arizona,Arizona
1159,Bakersfield,California,Madison,Wisconsin,Wisconsin
1160,Bakersfield,California,Lubbock,Texas,Texas
1161,Bakersfield,California,Garland,Texas,Blanton
1162,Bakersfield,California,Glendale,Arizona,Arizona
1164,Bakersfield,California,Reno,Nevada,Nevada
1166,Bakersfield,California,Irving,Texas,Texas
1167,Bakersfield,California,Spokane,Washington,Oregon
1168,Bakersfield,California,Shreveport,Louisiana,Louisiana
1170,Bakersfield,California,Akron,Ohio,Ohio
1172,Bakersfield,California,Tallahassee,Florida,Florida
1174,Bakersfield,California,Worcester,Massachusetts,Massachusetts
1175,Bakersfield,California,Chicago,Illinois,Illinois
1176,Bakersfield,California,Houston,Texas,Texas
1177,Bakersfield,California,Philadelphia,Pennsylvania,Pennsylvania
1246,Honolulu,Hawaii,Pittsburgh,Pennsylvania,Pennsylvania
1247,Honolulu,Hawaii,Lexington,Kentucky,Kentucky
1249,Honolulu,Hawaii,Cincinnati,Ohio,Ohio
1253,Honolulu,Hawaii,Henderson,Nevada,Robinson
1254,Honolulu,Hawaii,Orlando,Florida,Florida
1255,Honolulu,Hawaii,Laredo,Texas,Mexico
1256,Honolulu,Hawaii,Chandler,Arizona,Wilson
1257,Honolulu,Hawaii,Madison,Wisconsin,Wisconsin
1258,Honolulu,Hawaii,Lubbock,Texas,Texas
1259,Honolulu,Hawaii,Garland,Texas,Blanton
1260,Honolulu,Hawaii,Glendale,Arizona,Arizona
1262,Honolulu,Hawaii,Reno,Nevada,Nevada
1264,Honolulu,Hawaii,Irving,Texas,Texas
1267,Honolulu,Hawaii,Spokane,Washington,Idaho
1269,Honolulu,Hawaii,Shreveport,Louisiana,Louisiana
1271,Honolulu,Hawaii,Oxnard,California,California
1272,Honolulu,Hawaii,Fontana,California,California
1273,Honolulu,Hawaii,Akron,Ohio,Ohio
1275,Honolulu,Hawaii,Glendale,California,Arizona
1276,Honolulu,Hawaii,Tallahassee,Florida,Florida
1278,Honolulu,Hawaii,Worcester,Massachusetts,Northampton
1279,Honolulu,Hawaii,Chicago,Illinois,Illinois
1280,Honolulu,Hawaii,Houston,Texas,Texas
1281,Honolulu,Hawaii,Philadelphia,Pennsylvania,Philly
1282,Honolulu,Hawaii,Phoenix,Arizona,Arizona
1283,Honolulu,Hawaii,Dallas,Texas,Texas
1284,Honolulu,Hawaii,Jacksonville,Florida,Florida
1285,Pittsburgh,Pennsylvania,Lexington,Kentucky,Kentucky
1287,Pittsburgh,Pennsylvania,Cincinnati,Ohio,Ohio
1291,Pittsburgh,Pennsylvania,Henderson,Nevada,Stillwell
1292,Pittsburgh,Pennsylvania,Orlando,Florida,Florida
1293,Pittsburgh,Pennsylvania,Laredo,Texas,Harlingen
1294,Pittsburgh,Pennsylvania,Chandler,Arizona,Gardner
1295,Pittsburgh,Pennsylvania,Madison,Wisconsin,Wisconsin
1296,Pittsburgh,Pennsylvania,Lubbock,Texas,Texas
1297,Pittsburgh,Pennsylvania,Garland,Texas,Cotten
1298,Pittsburgh,Pennsylvania,Glendale,Arizona,California
1300,Pittsburgh,Pennsylvania,Reno,Nevada,Nevada
1302,Pittsburgh,Pennsylvania,Irving,Texas,Hess
1305,Pittsburgh,Pennsylvania,Spokane,Washington,Idaho
1307,Pittsburgh,Pennsylvania,Shreveport,Louisiana,Louisiana
1309,Pittsburgh,Pennsylvania,Oxnard,California,California
1310,Pittsburgh,Pennsylvania,Fontana,California,California
1311,Pittsburgh,Pennsylvania,Akron,Ohio,Ohio
1313,Pittsburgh,Pennsylvania,Glendale,California,California
1314,Pittsburgh,Pennsylvania,Tallahassee,Florida,Florida
1316,Pittsburgh,Pennsylvania,Worcester,Massachusetts,Northampton
1317,Pittsburgh,Pennsylvania,Chicago,Illinois,Illinois
1318,Pittsburgh,Pennsylvania,Houston,Texas,Texas
1319,Pittsburgh,Pennsylvania,Phoenix,Arizona,Nevada
1320,Pittsburgh,Pennsylvania,Dallas,Texas,Texas
1321,Pittsburgh,Pennsylvania,Jacksonville,Florida,Virginia
1322,Pittsburgh,Pennsylvania,Indianapolis,Indiana,Indiana
1324,Lexington,Kentucky,Cincinnati,Ohio,Ohio
1328,Lexington,Kentucky,Henderson,Nevada,Robinson
1329,Lexington,Kentucky,Orlando,Florida,Florida
1330,Lexington,Kentucky,Laredo,Texas,Arizona
1331,Lexington,Kentucky,Chandler,Arizona,Arizona
1332,Lexington,Kentucky,Madison,Wisconsin,Wisconsin
1333,Lexington,Kentucky,Lubbock,Texas,Texas
1334,Lexington,Kentucky,Garland,Texas,Texas
1335,Lexington,Kentucky,Glendale,Arizona,Arizona
1337,Lexington,Kentucky,Reno,Nevada,Nevada
1339,Lexington,Kentucky,Irving,Texas,Texas
1342,Lexington,Kentucky,Spokane,Washington,Idaho
1344,Lexington,Kentucky,Shreveport,Louisiana,Louisiana
1346,Lexington,Kentucky,Oxnard,California,California
1347,Lexington,Kentucky,Fontana,California,California
1348,Lexington,Kentucky,Akron,Ohio,Ohio
1350,Lexington,Kentucky,Glendale,California,Arizona
1351,Lexington,Kentucky,Tallahassee,Florida,Florida
1353,Lexington,Kentucky,Worcester,Massachusetts,Vermont
1354,Lexington,Kentucky,Chicago,Illinois,Illinois
1355,Lexington,Kentucky,Houston,Texas,Texas
1356,Lexington,Kentucky,Philadelphia,Pennsylvania,Pennsylvania
1357,Lexington,Kentucky,Phoenix,Arizona,Arizona
1358,Lexington,Kentucky,Dallas,Texas,Houston
1359,Lexington,Kentucky,Jacksonville,Florida,Tennessee
1360,Lexington,Kentucky,Indianapolis,Indiana,Indiana
1361,Lexington,Kentucky,Austin,Texas,Texas
1397,Cincinnati,Ohio,Henderson,Nevada,Griffin
1398,Cincinnati,Ohio,Orlando,Florida,Florida
1399,Cincinnati,Ohio,Laredo,Texas,Texas
1400,Cincinnati,Ohio,Chandler,Arizona,Parker
1401,Cincinnati,Ohio,Madison,Wisconsin,Wisconsin
1402,Cincinnati,Ohio,Lubbock,Texas,Texas
1403,Cincinnati,Ohio,Garland,Texas,McKinney
1404,Cincinnati,Ohio,Glendale,Arizona,Riverside
1406,Cincinnati,Ohio,Reno,Nevada,Nevada
1408,Cincinnati,Ohio,Irving,Texas,Texas
1411,Cincinnati,Ohio,Spokane,Washington,Idaho
1413,Cincinnati,Ohio,Shreveport,Louisiana,Louisiana
1415,Cincinnati,Ohio,Oxnard,California,Ventura
1416,Cincinnati,Ohio,Fontana,California,California
1418,Cincinnati,Ohio,Glendale,California,Riverside
1419,Cincinnati,Ohio,Tallahassee,Florida,Florida
1421,Cincinnati,Ohio,Worcester,Massachusetts,Massachusetts
1422,Cincinnati,Ohio,Chicago,Illinois,Illinois
1423,Cincinnati,Ohio,Houston,Texas,Texas
1424,Cincinnati,Ohio,Philadelphia,Pennsylvania,Pennsylvania
1425,Cincinnati,Ohio,Phoenix,Arizona,Arizona
1426,Cincinnati,Ohio,Dallas,Texas,Texas
1427,Cincinnati,Ohio,Jacksonville,Florida,Florida
1428,Cincinnati,Ohio,Indianapolis,Indiana,Indiana
1429,Cincinnati,Ohio,Austin,Texas,Texas
1430,Cincinnati,Ohio,Detroit,Michigan,Michigan
1431,Cincinnati,Ohio,Memphis,Tennessee,Arkansas
1540,Henderson,Nevada,Orlando,Florida,Florida
1541,Henderson,Nevada,Laredo,Texas,Arizona
1542,Henderson,Nevada,Chandler,Arizona,Arizona
1543,Henderson,Nevada,Madison,Wisconsin,Wisconsin
1544,Henderson,Nevada,Lubbock,Texas,Idaho
1545,Henderson,Nevada,Garland,Texas,Arizona
1546,Henderson,Nevada,Glendale,Arizona,Arizona
1549,Henderson,Nevada,Irving,Texas,Connecticut
1552,Henderson,Nevada,Spokane,Washington,Idaho
1554,Henderson,Nevada,Shreveport,Louisiana,Louisiana
1556,Henderson,Nevada,Oxnard,California,California
1557,Henderson,Nevada,Fontana,California,California
1558,Henderson,Nevada,Akron,Ohio,Ohio
1560,Henderson,Nevada,Glendale,California,Arizona
1561,Henderson,Nevada,Tallahassee,Florida,Florida
1563,Henderson,Nevada,Worcester,Massachusetts,Massachusetts
1564,Henderson,Nevada,Chicago,Illinois,Illinois
1565,Henderson,Nevada,Houston,Texas,Arizona
1566,Henderson,Nevada,Philadelphia,Pennsylvania,Pennsylvania
1567,Henderson,Nevada,Phoenix,Arizona,Arizona
1568,Henderson,Nevada,Dallas,Texas,Colorado
1569,Henderson,Nevada,Jacksonville,Florida,Arizona
1570,Henderson,Nevada,Indianapolis,Indiana,Arizona
1571,Henderson,Nevada,Austin,Texas,Texas
1572,Henderson,Nevada,Detroit,Michigan,Michigan
1573,Henderson,Nevada,Memphis,Tennessee,Arizona
1574,Henderson,Nevada,Boston,Massachusetts,Massachusetts
1575,Henderson,Nevada,Seattle,Washington,Oregon
1576,Henderson,Nevada,Denver,Colorado,Colorado
1577,Henderson,Nevada,Baltimore,Maryland,Maryland
1578,Orlando,Florida,Laredo,Texas,Texas
1579,Orlando,Florida,Chandler,Arizona,Arizona
1580,Orlando,Florida,Madison,Wisconsin,Wisconsin
1581,Orlando,Florida,Lubbock,Texas,Texas
1582,Orlando,Florida,Garland,Texas,Texas
1583,Orlando,Florida,Glendale,Arizona,Arizona
1584,Orlando,Florida,Reno,Nevada,Nevada
1586,Orlando,Florida,Irving,Texas,Texas
1589,Orlando,Florida,Spokane,Washington,Idaho
1591,Orlando,Florida,Shreveport,Louisiana,Louisiana
1593,Orlando,Florida,Oxnard,California,Ventura
1594,Orlando,Florida,Fontana,California,California
1595,Orlando,Florida,Akron,Ohio,Ohio
1597,Orlando,Florida,Glendale,California,Arizona
1599,Orlando,Florida,Worcester,Massachusetts,Massachusetts
1600,Orlando,Florida,Chicago,Illinois,Illinois
1601,Orlando,Florida,Houston,Texas,Texas
1602,Orlando,Florida,Philadelphia,Pennsylvania,Pennsylvania
1603,Orlando,Florida,Phoenix,Arizona,Arizona
1604,Orlando,Florida,Dallas,Texas,Texas
1605,Orlando,Florida,Indianapolis,Indiana,Indiana
1606,Orlando,Florida,Austin,Texas,Texas
1607,Orlando,Florida,Detroit,Michigan,Michigan
1608,Orlando,Florida,Memphis,Tennessee,Tennessee
1609,Orlando,Florida,Boston,Massachusetts,Massachusetts
1610,Orlando,Florida,Seattle,Washington,Oregon
1611,Orlando,Florida,Denver,Colorado,Colorado
1612,Orlando,Florida,Baltimore,Maryland,Maryland
1613,Orlando,Florida,Nashville,Tennessee,Tennessee
1614,Laredo,Texas,Chandler,Arizona,McKinney
1615,Laredo,Texas,Madison,Wisconsin,Wisconsin
1616,Laredo,Texas,Glendale,Arizona,California
1618,Laredo,Texas,Reno,Nevada,Nevada
1622,Laredo,Texas,Spokane,Washington,Oregon
1624,Laredo,Texas,Shreveport,Louisiana,Louisiana
1626,Laredo,Texas,Oxnard,California,California
1627,Laredo,Texas,Fontana,California,California
1628,Laredo,Texas,Akron,Ohio,Ohio
1629,Laredo,Texas,Glendale,California,California
1630,Laredo,Texas,Tallahassee,Florida,Florida
1632,Laredo,Texas,Worcester,Massachusetts,Massachusetts
1633,Laredo,Texas,Chicago,Illinois,Illinois
1634,Laredo,Texas,Philadelphia,Pennsylvania,Philly
1635,Laredo,Texas,Phoenix,Arizona,Arizona
1636,Laredo,Texas,Jacksonville,Florida,Alabama
1637,Laredo,Texas,Indianapolis,Indiana,Indiana
1638,Laredo,Texas,Detroit,Michigan,Michigan
1639,Laredo,Texas,Memphis,Tennessee,Tennessee
1640,Laredo,Texas,Boston,Massachusetts,Massachusetts
1641,Laredo,Texas,Seattle,Washington,Oregon
1642,Laredo,Texas,Denver,Colorado,Colorado
1643,Laredo,Texas,Baltimore,Maryland,Maryland
1644,Laredo,Texas,Nashville,Tennessee,Tennessee
1645,Laredo,Texas,Louisville,Kentucky,Kentucky
1646,Chandler,Arizona,Madison,Wisconsin,Wisconsin
1647,Chandler,Arizona,Lubbock,Texas,Texas
1648,Chandler,Arizona,Garland,Texas,Texas
1650,Chandler,Arizona,Reno,Nevada,Nevada
1651,Chandler,Arizona,Irving,Texas,Texas
1654,Chandler,Arizona,Spokane,Washington,Idaho
1656,Chandler,Arizona,Shreveport,Louisiana,Louisiana
1658,Chandler,Arizona,Oxnard,California,California
1659,Chandler,Arizona,Fontana,California,Nevada
1660,Chandler,Arizona,Akron,Ohio,Ohio
1662,Chandler,Arizona,Glendale,California,Tucson
1663,Chandler,Arizona,Tallahassee,Florida,Florida
1665,Chandler,Arizona,Worcester,Massachusetts,Massachusetts
1666,Chandler,Arizona,Chicago,Illinois,Illinois
1667,Chandler,Arizona,Houston,Texas,Texas
1668,Chandler,Arizona,Philadelphia,Pennsylvania,Philly
1669,Chandler,Arizona,Dallas,Texas,Texas
1670,Chandler,Arizona,Jacksonville,Florida,Florida
1671,Chandler,Arizona,Indianapolis,Indiana,Indiana
1672,Chandler,Arizona,Austin,Texas,Texas
1673,Chandler,Arizona,Detroit,Michigan,Michigan
1674,Chandler,Arizona,Memphis,Tennessee,Tennessee
1675,Chandler,Arizona,Boston,Massachusetts,Massachusetts
1676,Chandler,Arizona,Seattle,Washington,Oregon
1677,Chandler,Arizona,Denver,Colorado,Colorado
1678,Chandler,Arizona,Baltimore,Maryland,Maryland
1679,Chandler,Arizona,Nashville,Tennessee,Tennessee
1680,Chandler,Arizona,Louisville,Kentucky,Kentucky
1681,Chandler,Arizona,Milwaukee,Wisconsin,Wisconsin
1682,Madison,Wisconsin,Lubbock,Texas,Texas
1683,Madison,Wisconsin,Garland,Texas,Texas
1684,Madison,Wisconsin,Glendale,Arizona,Arizona
1686,Madison,Wisconsin,Reno,Nevada,Nevada
1688,Madison,Wisconsin,Irving,Texas,Texas
1691,Madison,Wisconsin,Spokane,Washington,Idaho
1693,Madison,Wisconsin,Shreveport,Louisiana,Louisiana
1695,Madison,Wisconsin,Oxnard,California,California
1696,Madison,Wisconsin,Fontana,California,California
1697,Madison,Wisconsin,Akron,Ohio,Ohio
1699,Madison,Wisconsin,Glendale,California,Arizona
1700,Madison,Wisconsin,Tallahassee,Florida,Florida
1702,Madison,Wisconsin,Worcester,Massachusetts,Massachusetts
1703,Madison,Wisconsin,Chicago,Illinois,Minnesota
1704,Madison,Wisconsin,Houston,Texas,Texas
1705,Madison,Wisconsin,Philadelphia,Pennsylvania,Philly
1706,Madison,Wisconsin,Phoenix,Arizona,Arizona
1707,Madison,Wisconsin,Dallas,Texas,Minnesota
1708,Madison,Wisconsin,Jacksonville,Florida,Florida
1709,Madison,Wisconsin,Indianapolis,Indiana,Indiana
1710,Madison,Wisconsin,Austin,Texas,Texas
1711,Madison,Wisconsin,Detroit,Michigan,Michigan
1712,Madison,Wisconsin,Memphis,Tennessee,Tennessee
1713,Madison,Wisconsin,Boston,Massachusetts,Massachusetts
1714,Madison,Wisconsin,Seattle,Washington,Minnesota
1715,Madison,Wisconsin,Denver,Colorado,Colorado
1716,Madison,Wisconsin,Baltimore,Maryland,Maryland
1717,Madison,Wisconsin,Nashville,Tennessee,Minnesota
1718,Madison,Wisconsin,Louisville,Kentucky,Kentucky
1719,Madison,Wisconsin,Portland,Oregon,Oregon
1720,Lubbock,Texas,Glendale,Arizona,Arizona
1722,Lubbock,Texas,Reno,Nevada,Nevada
1726,Lubbock,Texas,Spokane,Washington,Oregon
1728,Lubbock,Texas,Shreveport,Louisiana,Louisiana
1730,Lubbock,Texas,Oxnard,California,California
1731,Lubbock,Texas,Fontana,California,California
1732,Lubbock,Texas,Akron,Ohio,Ohio
1733,Lubbock,Texas,Glendale,California,Arizona
1734,Lubbock,Texas,Tallahassee,Florida,Florida
1736,Lubbock,Texas,Worcester,Massachusetts,Massachusetts
1737,Lubbock,Texas,Chicago,Illinois,Illinois
1738,Lubbock,Texas,Philadelphia,Pennsylvania,Philly
1739,Lubbock,Texas,Phoenix,Arizona,Arizona
1740,Lubbock,Texas,Jacksonville,Florida,Florida
1741,Lubbock,Texas,Indianapolis,Indiana,Indiana
1742,Lubbock,Texas,Detroit,Michigan,Michigan
1743,Lubbock,Texas,Memphis,Tennessee,Tennessee
1744,Lubbock,Texas,Boston,Massachusetts,Massachusetts
1745,Lubbock,Texas,Seattle,Washington,Oregon
1746,Lubbock,Texas,Denver,Colorado,Colorado
1747,Lubbock,Texas,Baltimore,Maryland,Maryland
1748,Lubbock,Texas,Nashville,Tennessee,Tennessee
1749,Lubbock,Texas,Louisville,Kentucky,Kentucky
1750,Lubbock,Texas,Milwaukee,Wisconsin,Wisconsin
1751,Lubbock,Texas,Portland,Oregon,Oregon
1752,Lubbock,Texas,Tucson,Arizona,Arizona
1753,Garland,Texas,Glendale,Arizona,Arizona
1755,Garland,Texas,Reno,Nevada,Nevada
1759,Garland,Texas,Spokane,Washington,Idaho
1761,Garland,Texas,Shreveport,Louisiana,Louisiana
1763,Garland,Texas,Oxnard,California,California
1764,Garland,Texas,Fontana,California,California
1765,Garland,Texas,Akron,Ohio,Ohio
1766,Garland,Texas,Glendale,California,Arizona
1767,Garland,Texas,Tallahassee,Florida,Florida
1769,Garland,Texas,Worcester,Massachusetts,Massachusetts
1770,Garland,Texas,Chicago,Illinois,Illinois
1771,Garland,Texas,Philadelphia,Pennsylvania,Philly
1772,Garland,Texas,Phoenix,Arizona,Arizona
1773,Garland,Texas,Jacksonville,Florida,Florida
1774,Garland,Texas,Indianapolis,Indiana,Indiana
1775,Garland,Texas,Detroit,Michigan,Michigan
1776,Garland,Texas,Memphis,Tennessee,Oklahoma
1777,Garland,Texas,Boston,Massachusetts,Massachusetts
1778,Garland,Texas,Seattle,Washington,Oregon
1779,Garland,Texas,Denver,Colorado,Colorado
1780,Garland,Texas,Baltimore,Maryland,Maryland
1781,Garland,Texas,Nashville,Tennessee,Tennessee
1782,Garland,Texas,Louisville,Kentucky,Kentucky
1783,Garland,Texas,Milwaukee,Wisconsin,Wisconsin
1784,Garland,Texas,Portland,Oregon,Oregon
1785,Garland,Texas,Tucson,Arizona,Arizona
1786,Garland,Texas,Fresno,California,Bakersfield
1788,Glendale,Arizona,Reno,Nevada,Nevada
1789,Glendale,Arizona,Irving,Texas,Texas
1792,Glendale,Arizona,Spokane,Washington,Oregon
1794,Glendale,Arizona,Shreveport,Louisiana,Arkansas
1796,Glendale,Arizona,Oxnard,California,California
1797,Glendale,Arizona,Fontana,California,Nevada
1798,Glendale,Arizona,Akron,Ohio,Ohio
1800,Glendale,Arizona,Tallahassee,Florida,Florida
1802,Glendale,Arizona,Worcester,Massachusetts,Massachusetts
1803,Glendale,Arizona,Chicago,Illinois,Illinois
1804,Glendale,Arizona,Houston,Texas,Texas
1805,Glendale,Arizona,Philadelphia,Pennsylvania,Philly
1806,Glendale,Arizona,Dallas,Texas,Texas
1807,Glendale,Arizona,Jacksonville,Florida,Alabama
1808,Glendale,Arizona,Indianapolis,Indiana,Indiana
1809,Glendale,Arizona,Austin,Texas,Texas
1810,Glendale,Arizona,Detroit,Michigan,Michigan
1811,Glendale,Arizona,Memphis,Tennessee,Arkansas
1812,Glendale,Arizona,Boston,Massachusetts,Massachusetts
1813,Glendale,Arizona,Seattle,Washington,Oregon
1814,Glendale,Arizona,Denver,Colorado,Colorado
1815,Glendale,Arizona,Baltimore,Maryland,Maryland
1816,Glendale,Arizona,Nashville,Tennessee,Tennessee
1817,Glendale,Arizona,Louisville,Kentucky,Kentucky
1818,Glendale,Arizona,Milwaukee,Wisconsin,Wisconsin
1819,Glendale,Arizona,Portland,Oregon,Oregon
1820,Glendale,Arizona,Fresno,California,Oregon
1821,Glendale,Arizona,Sacramento,California,Oregon
1860,Reno,Nevada,Irving,Texas,Texas
1863,Reno,Nevada,Spokane,Washington,Idaho
1865,Reno,Nevada,Shreveport,Louisiana,Louisiana
1867,Reno,Nevada,Oxnard,California,California
1868,Reno,Nevada,Fontana,California,California
1869,Reno,Nevada,Akron,Ohio,Ohio
1871,Reno,Nevada,Glendale,California,Arizona
1872,Reno,Nevada,Tallahassee,Florida,Florida
1874,Reno,Nevada,Worcester,Massachusetts,Massachusetts
1875,Reno,Nevada,Chicago,Illinois,Illinois
1876,Reno,Nevada,Houston,Texas,Texas
1877,Reno,Nevada,Philadelphia,Pennsylvania,Pennsylvania
1878,Reno,Nevada,Phoenix,Arizona,Arizona
1879,Reno,Nevada,Dallas,Texas,Texas
1880,Reno,Nevada,Jacksonville,Florida,Florida
1881,Reno,Nevada,Indianapolis,Indiana,Indiana
1882,Reno,Nevada,Austin,Texas,Texas
1883,Reno,Nevada,Detroit,Michigan,Michigan
1884,Reno,Nevada,Memphis,Tennessee,Tennessee
1885,Reno,Nevada,Boston,Massachusetts,Massachusetts
1886,Reno,Nevada,Seattle,Washington,Oregon
1887,Reno,Nevada,Denver,Colorado,Colorado
1888,Reno,Nevada,Baltimore,Maryland,Maryland
1889,Reno,Nevada,Nashville,Tennessee,Tennessee
1890,Reno,Nevada,Louisville,Kentucky,Kentucky
1891,Reno,Nevada,Milwaukee,Wisconsin,Wisconsin
1892,Reno,Nevada,Portland,Oregon,Oregon
1893,Reno,Nevada,Tucson,Arizona,Arizona
1894,Reno,Nevada,Fresno,California,California
1895,Reno,Nevada,Sacramento,California,California
1896,Reno,Nevada,Mesa,Arizona,Arizona
1897,Reno,Nevada,Atlanta,Georgia,Georgia
1936,Irving,Texas,Spokane,Washington,Yakima
1938,Irving,Texas,Shreveport,Louisiana,Louisiana
1940,Irving,Texas,Oxnard,California,California
1941,Irving,Texas,Fontana,California,California
1942,Irving,Texas,Akron,Ohio,Ohio
1943,Irving,Texas,Glendale,California,Arizona
1944,Irving,Texas,Tallahassee,Florida,Florida
1946,Irving,Texas,Worcester,Massachusetts,Massachusetts
1947,Irving,Texas,Chicago,Illinois,Illinois
1948,Irving,Texas,Philadelphia,Pennsylvania,Philly
1949,Irving,Texas,Phoenix,Arizona,Arizona
1950,Irving,Texas,Jacksonville,Florida,Alabama
1951,Irving,Texas,Indianapolis,Indiana,Indiana
1952,Irving,Texas,Detroit,Michigan,Michigan
1953,Irving,Texas,Memphis,Tennessee,Tennessee
1954,Irving,Texas,Boston,Massachusetts,Massachusetts
1955,Irving,Texas,Seattle,Washington,Oregon
1956,Irving,Texas,Denver,Colorado,Colorado
1957,Irving,Texas,Baltimore,Maryland,Maryland
1958,Irving,Texas,Nashville,Tennessee,Tennessee
1959,Irving,Texas,Louisville,Kentucky,Kentucky
1960,Irving,Texas,Milwaukee,Wisconsin,Wisconsin
1961,Irving,Texas,Portland,Oregon,Oregon
1962,Irving,Texas,Tucson,Arizona,Arizona
1963,Irving,Texas,Fresno,California,Arizona
1964,Irving,Texas,Sacramento,California,Fresno
1965,Irving,Texas,Mesa,Arizona,Arizona
1966,Irving,Texas,Atlanta,Georgia,Alabama
1967,Irving,Texas,Omaha,Nebraska,Nebraska
1968,Irving,Texas,Miami,Florida,Florida
2034,Spokane,Washington,Shreveport,Louisiana,Louisiana
2035,Spokane,Washington,Oxnard,California,Ventura
2036,Spokane,Washington,Fontana,California,Gibbs
2037,Spokane,Washington,Akron,Ohio,Cleveland
2039,Spokane,Washington,Glendale,California,Burbank
2040,Spokane,Washington,Tallahassee,Florida,Florida
2042,Spokane,Washington,Worcester,Massachusetts,Gloucester
2043,Spokane,Washington,Chicago,Illinois,Emanuel
2044,Spokane,Washington,Houston,Texas,Dallas
2045,Spokane,Washington,Philadelphia,Pennsylvania,Philly
2046,Spokane,Washington,Phoenix,Arizona,Houston
2047,Spokane,Washington,Dallas,Texas,Houston
2048,Spokane,Washington,Jacksonville,Florida,Miami
2049,Spokane,Washington,Indianapolis,Indiana,Indiana
2050,Spokane,Washington,Austin,Texas,Texas
2051,Spokane,Washington,Detroit,Michigan,Cleveland
2052,Spokane,Washington,Memphis,Tennessee,Atlanta
2053,Spokane,Washington,Boston,Massachusetts,Philadelphia
2054,Spokane,Washington,Denver,Colorado,Philadelphia
2055,Spokane,Washington,Baltimore,Maryland,Maryland
2056,Spokane,Washington,Nashville,Tennessee,Atlanta
2057,Spokane,Washington,Louisville,Kentucky,Georgetown
2058,Spokane,Washington,Milwaukee,Wisconsin,Philadelphia
2059,Spokane,Washington,Portland,Oregon,Boston
2060,Spokane,Washington,Tucson,Arizona,Arizona
2061,Spokane,Washington,Fresno,California,Sacramento
2062,Spokane,Washington,Sacramento,California,California
2063,Spokane,Washington,Mesa,Arizona,Arizona
2064,Spokane,Washington,Atlanta,Georgia,Philadelphia
2065,Spokane,Washington,Omaha,Nebraska,Nebraska
2066,Spokane,Washington,Miami,Florida,Florida
2067,Spokane,Washington,Tulsa,Oklahoma,Oklahoma
2068,Spokane,Washington,Oakland,California,Baltimore
2069,Spokane,Washington,Cleveland,Ohio,Philadelphia
2104,Shreveport,Louisiana,Oxnard,California,California
2105,Shreveport,Louisiana,Fontana,California,California
2106,Shreveport,Louisiana,Akron,Ohio,Ohio
2108,Shreveport,Louisiana,Glendale,California,Arizona
2109,Shreveport,Louisiana,Tallahassee,Florida,Florida
2111,Shreveport,Louisiana,Worcester,Massachusetts,Massachusetts
2112,Shreveport,Louisiana,Chicago,Illinois,Illinois
2113,Shreveport,Louisiana,Houston,Texas,Texas
2114,Shreveport,Louisiana,Philadelphia,Pennsylvania,Pennsylvania
2115,Shreveport,Louisiana,Phoenix,Arizona,Arizona
2116,Shreveport,Louisiana,Dallas,Texas,Texas
2117,Shreveport,Louisiana,Jacksonville,Florida,Florida
2118,Shreveport,Louisiana,Indianapolis,Indiana,Indiana
2119,Shreveport,Louisiana,Austin,Texas,Texas
2120,Shreveport,Louisiana,Detroit,Michigan,Michigan
2121,Shreveport,Louisiana,Memphis,Tennessee,Tennessee
2122,Shreveport,Louisiana,Boston,Massachusetts,Massachusetts
2123,Shreveport,Louisiana,Seattle,Washington,Oregon
2124,Shreveport,Louisiana,Denver,Colorado,Colorado
2125,Shreveport,Louisiana,Baltimore,Maryland,Maryland
2126,Shreveport,Louisiana,Nashville,Tennessee,Tennessee
2127,Shreveport,Louisiana,Louisville,Kentucky,Kentucky
2128,Shreveport,Louisiana,Milwaukee,Wisconsin,Wisconsin
2129,Shreveport,Louisiana,Portland,Oregon,Oregon
2130,Shreveport,Louisiana,Tucson,Arizona,Arizona
2131,Shreveport,Louisiana,Fresno,California,California
2132,Shreveport,Louisiana,Sacramento,California,California
2133,Shreveport,Louisiana,Mesa,Arizona,Arizona
2134,Shreveport,Louisiana,Atlanta,Georgia,Georgia
2135,Shreveport,Louisiana,Omaha,Nebraska,Nebraska
2136,Shreveport,Louisiana,Miami,Florida,Florida
2137,Shreveport,Louisiana,Tulsa,Oklahoma,Oklahoma
2138,Shreveport,Louisiana,Oakland,California,California
2139,Shreveport,Louisiana,Cleveland,Ohio,Ohio
2140,Shreveport,Louisiana,Minneapolis,Minnesota,Minnesota
2141,Shreveport,Louisiana,Wichita,Kansas,Kansas
2180,Oxnard,California,Akron,Ohio,Ohio
2182,Oxnard,California,Tallahassee,Florida,Florida
2184,Oxnard,California,Worcester,Massachusetts,Massachusetts
2185,Oxnard,California,Chicago,Illinois,Illinois
2186,Oxnard,California,Houston,Texas,Texas
2187,Oxnard,California,Philadelphia,Pennsylvania,Pennsylvania
2188,Oxnard,California,Phoenix,Arizona,Arizona
2189,Oxnard,California,Dallas,Texas,Texas
2190,Oxnard,California,Jacksonville,Florida,Tennessee
2191,Oxnard,California,Indianapolis,Indiana,Indiana
2192,Oxnard,California,Austin,Texas,Texas
2193,Oxnard,California,Detroit,Michigan,Michigan
2194,Oxnard,California,Memphis,Tennessee,Tennessee
2195,Oxnard,California,Boston,Massachusetts,Massachusetts
2196,Oxnard,California,Seattle,Washington,Oregon
2197,Oxnard,California,Denver,Colorado,Colorado
2198,Oxnard,California,Baltimore,Maryland,Maryland
2199,Oxnard,California,Nashville,Tennessee,Tennessee
2200,Oxnard,California,Louisville,Kentucky,Kentucky
2201,Oxnard,California,Milwaukee,Wisconsin,Wisconsin
2202,Oxnard,California,Portland,Oregon,Oregon
2203,Oxnard,California,Tucson,Arizona,Arizona
2204,Oxnard,California,Mesa,Arizona,Arizona
2205,Oxnard,California,Atlanta,Georgia,Georgia
2206,Oxnard,California,Omaha,Nebraska,Nebraska
2207,Oxnard,California,Miami,Florida,Florida
2208,Oxnard,California,Tulsa,Oklahoma,Oklahoma
2209,Oxnard,California,Cleveland,Ohio,Ohio
2210,Oxnard,California,Minneapolis,Minnesota,Minnesota
2211,Oxnard,California,Wichita,Kansas,Kansas
2212,Oxnard,California,Arlington,Texas,Virginia
2213,Fontana,California,Akron,Ohio,Ohio
2215,Fontana,California,Tallahassee,Florida,Florida
2217,Fontana,California,Worcester,Massachusetts,Massachusetts
2218,Fontana,California,Chicago,Illinois,Illinois
2219,Fontana,California,Houston,Texas,Texas
2220,Fontana,California,Philadelphia,Pennsylvania,Pennsylvania
2221,Fontana,California,Phoenix,Arizona,Arizona
2222,Fontana,California,Dallas,Texas,Texas
2223,Fontana,California,Jacksonville,Florida,Florida
2224,Fontana,California,Indianapolis,Indiana,Indiana
2225,Fontana,California,Austin,Texas,Texas
2226,Fontana,California,Detroit,Michigan,Michigan
2227,Fontana,California,Memphis,Tennessee,Tennessee
2228,Fontana,California,Boston,Massachusetts,Massachusetts
2229,Fontana,California,Seattle,Washington,Oregon
2230,Fontana,California,Denver,Colorado,Colorado
2231,Fontana,California,Baltimore,Maryland,Maryland
2232,Fontana,California,Nashville,Tennessee,Tennessee
2233,Fontana,California,Louisville,Kentucky,Kentucky
2234,Fontana,California,Milwaukee,Wisconsin,Wisconsin
2235,Fontana,California,Portland,Oregon,Oregon
2236,Fontana,California,Tucson,Arizona,Arizona
2237,Fontana,California,Mesa,Arizona,Arizona
2238,Fontana,California,Atlanta,Georgia,Georgia
2239,Fontana,California,Omaha,Nebraska,Nebraska
2240,Fontana,California,Miami,Florida,Florida
2241,Fontana,California,Tulsa,Oklahoma,Oklahoma
2242,Fontana,California,Cleveland,Ohio,Ohio
2243,Fontana,California,Minneapolis,Minnesota,Minnesota
2244,Fontana,California,Wichita,Kansas,Oklahoma
2245,Fontana,California,Arlington,Texas,Virginia
2248,Akron,Ohio,Glendale,California,California
2249,Akron,Ohio,Tallahassee,Florida,Florida
2251,Akron,Ohio,Worcester,Massachusetts,Massachusetts
2252,Akron,Ohio,Chicago,Illinois,Illinois
2253,Akron,Ohio,Houston,Texas,Texas
2254,Akron,Ohio,Philadelphia,Pennsylvania,Pennsylvania
2255,Akron,Ohio,Phoenix,Arizona,Arizona
2256,Akron,Ohio,Dallas,Texas,Texas
2257,Akron,Ohio,Jacksonville,Florida,Florida
2258,Akron,Ohio,Indianapolis,Indiana,Indiana
2259,Akron,Ohio,Austin,Texas,Texas
2260,Akron,Ohio,Detroit,Michigan,Michigan
2261,Akron,Ohio,Memphis,Tennessee,Tennessee
2262,Akron,Ohio,Boston,Massachusetts,Massachusetts
2263,Akron,Ohio,Seattle,Washington,Oregon
2264,Akron,Ohio,Denver,Colorado,Colorado
2265,Akron,Ohio,Baltimore,Maryland,Maryland
2266,Akron,Ohio,Nashville,Tennessee,Tennessee
2267,Akron,Ohio,Louisville,Kentucky,Kentucky
2268,Akron,Ohio,Milwaukee,Wisconsin,Wisconsin
2269,Akron,Ohio,Portland,Oregon,Oregon
2270,Akron,Ohio,Tucson,Arizona,Arizona
2271,Akron,Ohio,Fresno,California,California
2272,Akron,Ohio,Sacramento,California,California
2273,Akron,Ohio,Mesa,Arizona,Arizona
2274,Akron,Ohio,Atlanta,Georgia,Georgia
2275,Akron,Ohio,Omaha,Nebraska,Nebraska
2276,Akron,Ohio,Miami,Florida,Florida
2277,Akron,Ohio,Tulsa,Oklahoma,Oklahoma
2278,Akron,Ohio,Oakland,California,California
2279,Akron,Ohio,Minneapolis,Minnesota,Minnesota
2280,Akron,Ohio,Wichita,Kansas,Kansas
2281,Akron,Ohio,Arlington,Texas,Texas
2282,Akron,Ohio,Bakersfield,California,California
2320,Glendale,California,Tallahassee,Florida,Florida
2322,Glendale,California,Worcester,Massachusetts,Massachusetts
2323,Glendale,California,Chicago,Illinois,Illinois
2324,Glendale,California,Houston,Texas,Texas
2325,Glendale,California,Philadelphia,Pennsylvania,Pennsylvania
2326,Glendale,California,Phoenix,Arizona,Arizona
2327,Glendale,California,Dallas,Texas,Texas
2328,Glendale,California,Jacksonville,Florida,Florida
2329,Glendale,California,Indianapolis,Indiana,Indiana
2330,Glendale,California,Austin,Texas,Texas
2331,Glendale,California,Detroit,Michigan,Michigan
2332,Glendale,California,Memphis,Tennessee,Tennessee
2333,Glendale,California,Boston,Massachusetts,Massachusetts
2334,Glendale,California,Seattle,Washington,Oregon
2335,Glendale,California,Denver,Colorado,Colorado
2336,Glendale,California,Baltimore,Maryland,Maryland
2337,Glendale,California,Nashville,Tennessee,Tennessee
2338,Glendale,California,Louisville,Kentucky,Kentucky
2339,Glendale,California,Milwaukee,Wisconsin,Wisconsin
2340,Glendale,California,Portland,Oregon,Oregon
2341,Glendale,California,Tucson,Arizona,Arizona
2342,Glendale,California,Mesa,Arizona,Nevada
2343,Glendale,California,Atlanta,Georgia,Georgia
2344,Glendale,California,Omaha,Nebraska,Nebraska
2345,Glendale,California,Miami,Florida,Florida
2346,Glendale,California,Tulsa,Oklahoma,Oklahoma
2347,Glendale,California,Cleveland,Ohio,Ohio
2348,Glendale,California,Minneapolis,Minnesota,Minnesota
2349,Glendale,California,Wichita,Kansas,Kansas
2350,Glendale,California,Arlington,Texas,Texas
2352,Glendale,California,Honolulu,Hawaii,Hawaii
2353,Glendale,California,Pittsburgh,Pennsylvania,Pennsylvania
2355,Tallahassee,Florida,Worcester,Massachusetts,Massachusetts
2356,Tallahassee,Florida,Chicago,Illinois,Illinois
2357,Tallahassee,Florida,Houston,Texas,Texas
2358,Tallahassee,Florida,Philadelphia,Pennsylvania,Philly
2359,Tallahassee,Florida,Phoenix,Arizona,Arizona
2360,Tallahassee,Florida,Dallas,Texas,Texas
2361,Tallahassee,Florida,Indianapolis,Indiana,Indiana
2362,Tallahassee,Florida,Austin,Texas,Texas
2363,Tallahassee,Florida,Detroit,Michigan,Michigan
2364,Tallahassee,Florida,Memphis,Tennessee,Tennessee
2365,Tallahassee,Florida,Boston,Massachusetts,Massachusetts
2366,Tallahassee,Florida,Seattle,Washington,Minnesota
2367,Tallahassee,Florida,Denver,Colorado,Colorado
2368,Tallahassee,Florida,Baltimore,Maryland,Maryland
2369,Tallahassee,Florida,Nashville,Tennessee,Tennessee
2370,Tallahassee,Florida,Louisville,Kentucky,Kentucky
2371,Tallahassee,Florida,Milwaukee,Wisconsin,Wisconsin
2372,Tallahassee,Florida,Portland,Oregon,Oregon
2373,Tallahassee,Florida,Tucson,Arizona,Arizona
2374,Tallahassee,Florida,Fresno,California,California
2375,Tallahassee,Florida,Sacramento,California,California
2376,Tallahassee,Florida,Mesa,Arizona,Arizona
2377,Tallahassee,Florida,Atlanta,Georgia,Philadelphia
2378,Tallahassee,Florida,Omaha,Nebraska,Nebraska
2379,Tallahassee,Florida,Tulsa,Oklahoma,Oklahoma
2380,Tallahassee,Florida,Oakland,California,California
2381,Tallahassee,Florida,Cleveland,Ohio,Ohio
2382,Tallahassee,Florida,Minneapolis,Minnesota,Minnesota
2383,Tallahassee,Florida,Wichita,Kansas,Kansas
2384,Tallahassee,Florida,Arlington,Texas,Texas
2385,Tallahassee,Florida,Bakersfield,California,California
2387,Tallahassee,Florida,Honolulu,Hawaii,Hawaii
2388,Tallahassee,Florida,Pittsburgh,Pennsylvania,Philadelphia
2389,Tallahassee,Florida,Lexington,Kentucky,Kentucky
2429,Worcester,Massachusetts,Chicago,Illinois,Illinois
2430,Worcester,Massachusetts,Houston,Texas,Texas
2431,Worcester,Massachusetts,Philadelphia,Pennsylvania,Pennsylvania
2432,Worcester,Massachusetts,Phoenix,Arizona,Arizona
2433,Worcester,Massachusetts,Dallas,Texas,Texas
2434,Worcester,Massachusetts,Jacksonville,Florida,Florida
2435,Worcester,Massachusetts,Indianapolis,Indiana,Indiana
2436,Worcester,Massachusetts,Austin,Texas,Texas
2437,Worcester,Massachusetts,Detroit,Michigan,Michigan
2438,Worcester,Massachusetts,Memphis,Tennessee,Tennessee
2439,Worcester,Massachusetts,Seattle,Washington,Oregon
2440,Worcester,Massachusetts,Denver,Colorado,Colorado
2441,Worcester,Massachusetts,Baltimore,Maryland,Maryland
2442,Worcester,Massachusetts,Nashville,Tennessee,Tennessee
2443,Worcester,Massachusetts,Louisville,Kentucky,Kentucky
2444,Worcester,Massachusetts,Milwaukee,Wisconsin,Wisconsin
2445,Worcester,Massachusetts,Portland,Oregon,Oregon
2446,Worcester,Massachusetts,Tucson,Arizona,Arizona
2447,Worcester,Massachusetts,Fresno,California,California
2448,Worcester,Massachusetts,Sacramento,California,California
2449,Worcester,Massachusetts,Mesa,Arizona,Arizona
2450,Worcester,Massachusetts,Atlanta,Georgia,Georgia
2451,Worcester,Massachusetts,Omaha,Nebraska,Nebraska
2452,Worcester,Massachusetts,Miami,Florida,Florida
2453,Worcester,Massachusetts,Tulsa,Oklahoma,Oklahoma
2454,Worcester,Massachusetts,Oakland,California,California
2455,Worcester,Massachusetts,Cleveland,Ohio,Ohio
2456,Worcester,Massachusetts,Minneapolis,Minnesota,Minnesota
2457,Worcester,Massachusetts,Wichita,Kansas,Kansas
2458,Worcester,Massachusetts,Arlington,Texas,Texas
2459,Worcester,Massachusetts,Bakersfield,California,California
2462,Worcester,Massachusetts,Honolulu,Hawaii,Hawaii
2463,Worcester,Massachusetts,Pittsburgh,Pennsylvania,Pennsylvania
2464,Worcester,Massachusetts,Lexington,Kentucky,Kentucky
2466,Worcester,Massachusetts,Cincinnati,Ohio,Ohio
